Line,Direction,Station from,Station to,Distance (Kms),Un-impeded Running Time (Mins),AM peak (0700-1000) Running Time (Mins),Inter peak (1000 - 1600) Running time (mins),from_naptan_code,to_naptan_code
Bakerloo ,Southbound,HARROW & WEALDSTONE,KENTON,1.74,2.23,2.5,2.5,940GZZLUHAW,940GZZLUKEN
Bakerloo ,Southbound,KENTON,SOUTH KENTON,1.4,1.88,2.0,2.0,940GZZLUKEN,940GZZLUSKT
Bakerloo ,Southbound,SOUTH KENTON,NORTH WEMBLEY,0.9,1.5,1.5,1.5,940GZZLUSKT,940GZZLUNWY
Bakerloo ,Southbound,NORTH WEMBLEY,WEMBLEY CENTRAL,1.27,1.92,2.06,2.06,940GZZLUNWY,940GZZLUWYC
Bakerloo ,Southbound,WEMBLEY CENTRAL,STONEBRIDGE PARK,1.71,2.23,3.13,3.13,940GZZLUWYC,940GZZLUSGP
Bakerloo ,Southbound,STONEBRIDGE PARK,HARLESDEN,1.53,2.13,2.4,2.4,940GZZLUSGP,940GZZLUHSN
Bakerloo ,Southbound,HARLESDEN,WILLESDEN JUNCTION,1.05,1.65,2.23,2.23,940GZZLUHSN,940GZZLUWJN
Bakerloo ,Southbound,WILLESDEN JUNCTION,KENSAL GREEN,1.5,2.47,2.5,2.5,940GZZLUWJN,940GZZLUKSL
Bakerloo ,Southbound,KENSAL GREEN,QUEENS PARK,1.32,2.65,4.72,4.72,940GZZLUKSL,
Bakerloo ,Southbound,QUEENS PARK,KILBURN PARK,0.79,1.42,1.5,1.5,,940GZZLUKPK
Bakerloo ,Southbound,KILBURN PARK,MAIDA VALE,0.88,1.48,2.0,2.0,940GZZLUKPK,940GZZLUMVL
Bakerloo ,Southbound,MAIDA VALE,WARWICK AVENUE,0.79,1.5,1.5,1.5,940GZZLUMVL,940GZZLUWKA
Bakerloo ,Southbound,WARWICK AVENUE,PADDINGTON,0.88,1.58,2.0,2.0,940GZZLUWKA,940GZZLUPAC
Bakerloo ,Southbound,PADDINGTON,EDGWARE ROAD,0.72,1.57,1.5,1.5,940GZZLUPAC,
Bakerloo ,Southbound,EDGWARE ROAD,MARYLEBONE,0.45,1.12,1.5,1.5,,940GZZLUMYB
Bakerloo ,Southbound,MARYLEBONE,BAKER STREET,0.5,1.17,1.5,1.5,940GZZLUMYB,940GZZLUBST
Bakerloo ,Southbound,BAKER STREET,REGENTS PARK,0.88,1.68,2.0,2.0,940GZZLUBST,
Bakerloo ,Southbound,REGENTS PARK,OXFORD CIRCUS,0.87,1.85,2.0,2.0,,940GZZLUOXC
Bakerloo ,Southbound,OXFORD CIRCUS,PICCADILLY CIRCUS,0.97,1.95,2.48,2.48,940GZZLUOXC,940GZZLUPCC
Bakerloo ,Southbound,PICCADILLY CIRCUS,CHARING CROSS,0.55,1.35,1.5,1.5,940GZZLUPCC,940GZZLUCHX
Bakerloo ,Southbound,CHARING CROSS,EMBANKMENT,0.37,0.95,1.5,1.5,940GZZLUCHX,940GZZLUEMB
Bakerloo ,Southbound,EMBANKMENT,WATERLOO,0.71,1.43,1.5,1.5,940GZZLUEMB,940GZZLUWLO
Bakerloo ,Southbound,WATERLOO,LAMBETH NORTH,0.63,1.45,2.0,2.0,940GZZLUWLO,940GZZLULBN
Bakerloo ,Southbound,LAMBETH NORTH,ELEPHANT & CASTLE,0.82,2.57,2.5,2.5,940GZZLULBN,940GZZLUEAC
Bakerloo ,Northbound,ELEPHANT & CASTLE,LAMBETH NORTH,0.82,2.13,2.0,2.0,940GZZLUEAC,940GZZLULBN
Bakerloo ,Northbound,LAMBETH NORTH,WATERLOO,0.63,1.45,2.06,2.06,940GZZLULBN,940GZZLUWLO
Bakerloo ,Northbound,WATERLOO,EMBANKMENT,0.71,1.22,1.5,1.5,940GZZLUWLO,940GZZLUEMB
Bakerloo ,Northbound,EMBANKMENT,CHARING CROSS,0.37,0.97,1.0,1.0,940GZZLUEMB,940GZZLUCHX
Bakerloo ,Northbound,CHARING CROSS,PICCADILLY CIRCUS,0.55,1.6,2.0,2.0,940GZZLUCHX,940GZZLUPCC
Bakerloo ,Northbound,PICCADILLY CIRCUS,OXFORD CIRCUS,0.97,2.02,2.19,2.19,940GZZLUPCC,940GZZLUOXC
Bakerloo ,Northbound,OXFORD CIRCUS,REGENTS PARK,0.87,1.72,2.0,2.0,940GZZLUOXC,
Bakerloo ,Northbound,REGENTS PARK,BAKER STREET,0.88,1.65,2.0,2.0,,940GZZLUBST
Bakerloo ,Northbound,BAKER STREET,MARYLEBONE,0.5,1.08,1.5,1.5,940GZZLUBST,940GZZLUMYB
Bakerloo ,Northbound,MARYLEBONE,EDGWARE ROAD,0.45,1.08,1.0,1.0,940GZZLUMYB,
Bakerloo ,Northbound,EDGWARE ROAD,PADDINGTON,0.72,1.62,2.0,2.0,,940GZZLUPAC
Bakerloo ,Northbound,PADDINGTON,WARWICK AVENUE,0.88,1.63,2.0,2.0,940GZZLUPAC,940GZZLUWKA
Bakerloo ,Northbound,WARWICK AVENUE,MAIDA VALE,0.79,1.5,1.5,1.5,940GZZLUWKA,940GZZLUMVL
Bakerloo ,Northbound,MAIDA VALE,KILBURN PARK,0.88,1.48,1.5,1.5,940GZZLUMVL,940GZZLUKPK
Bakerloo ,Northbound,KILBURN PARK,QUEENS PARK,0.79,2.1,2.89,2.89,940GZZLUKPK,
Bakerloo ,Northbound,QUEENS PARK,KENSAL GREEN,1.32,2.83,2.72,2.72,,940GZZLUKSL
Bakerloo ,Northbound,KENSAL GREEN,WILLESDEN JUNCTION,1.5,2.53,3.15,3.15,940GZZLUKSL,940GZZLUWJN
Bakerloo ,Northbound,WILLESDEN JUNCTION,HARLESDEN,1.05,1.63,2.0,2.0,940GZZLUWJN,940GZZLUHSN
Bakerloo ,Northbound,HARLESDEN,STONEBRIDGE PARK,1.53,2.02,2.53,2.53,940GZZLUHSN,940GZZLUSGP
Bakerloo ,Northbound,STONEBRIDGE PARK,WEMBLEY CENTRAL,1.71,2.42,3.17,3.17,940GZZLUSGP,940GZZLUWYC
Bakerloo ,Northbound,WEMBLEY CENTRAL,NORTH WEMBLEY,1.27,1.95,2.0,2.0,940GZZLUWYC,940GZZLUNWY
Bakerloo ,Northbound,NORTH WEMBLEY,SOUTH KENTON,0.9,1.58,1.5,1.5,940GZZLUNWY,940GZZLUSKT
Bakerloo ,Northbound,SOUTH KENTON,KENTON,1.4,2.0,2.0,2.0,940GZZLUSKT,940GZZLUKEN
Bakerloo ,Northbound,KENTON,HARROW & WEALDSTONE,1.74,2.38,3.0,3.0,940GZZLUKEN,940GZZLUHAW
Central ,Eastbound,WEST RUISLIP,RUISLIP GARDENS,2.04,2.28,2.57,2.5,940GZZLUWRP,940GZZLURSG
Central ,Eastbound,RUISLIP GARDENS,SOUTH RUISLIP,0.86,1.3,1.5,1.5,940GZZLURSG,940GZZLUSRP
Central ,Eastbound,SOUTH RUISLIP,NORTHOLT,2.28,2.23,2.58,2.5,940GZZLUSRP,940GZZLUNHT
Central ,Eastbound,NORTHOLT,GREENFORD,1.78,1.93,2.0,2.0,940GZZLUNHT,940GZZLUGFD
Central ,Eastbound,GREENFORD,PERIVALE,1.69,1.85,2.33,2.25,940GZZLUGFD,940GZZLUPVL
Central ,Eastbound,PERIVALE,HANGER LANE,2.1,2.1,2.25,2.26,940GZZLUPVL,940GZZLUHGR
Central ,Eastbound,HANGER LANE,NORTH ACTON,2.49,2.85,3.44,3.48,940GZZLUHGR,940GZZLUNAN
Central ,Eastbound,EALING BROADWAY,WEST ACTON,1.53,2.28,2.25,2.25,940GZZLUEBY,940GZZLUWTA
Central ,Eastbound,WEST ACTON,NORTH ACTON,1.77,2.3,2.86,3.26,940GZZLUWTA,940GZZLUNAN
Central ,Eastbound,NORTH ACTON,EAST ACTON,1.11,1.5,1.75,1.75,940GZZLUNAN,940GZZLUEAN
Central ,Eastbound,EAST ACTON,WHITE CITY,2.06,2.57,3.28,3.71,940GZZLUEAN,940GZZLUWCY
Central ,Eastbound,WHITE CITY,SHEPHERDS BUSH,1.16,2.68,2.75,2.75,940GZZLUWCY,
Central ,Eastbound,SHEPHERDS BUSH,HOLLAND PARK,0.87,1.37,1.75,1.75,,940GZZLUHPK
Central ,Eastbound,HOLLAND PARK,NOTTING HILL GATE,0.61,1.08,1.5,1.5,940GZZLUHPK,940GZZLUNHG
Central ,Eastbound,NOTTING HILL GATE,QUEENSWAY,0.69,1.17,1.5,1.5,940GZZLUNHG,940GZZLUQWY
Central ,Eastbound,QUEENSWAY,LANCASTER GATE,0.9,1.35,1.5,1.5,940GZZLUQWY,940GZZLULGT
Central ,Eastbound,LANCASTER GATE,MARBLE ARCH,1.2,1.92,2.71,2.5,940GZZLULGT,940GZZLUMBA
Central ,Eastbound,MARBLE ARCH,BOND STREET,0.55,1.0,1.25,1.25,940GZZLUMBA,940GZZLUBND
Central ,Eastbound,BOND STREET,OXFORD CIRCUS,0.66,1.1,1.5,1.5,940GZZLUBND,940GZZLUOXC
Central ,Eastbound,OXFORD CIRCUS,TOTTENHAM COURT ROAD,0.58,0.98,1.5,1.5,940GZZLUOXC,940GZZLUTCR
Central ,Eastbound,TOTTENHAM COURT ROAD,HOLBORN,0.88,1.63,2.21,2.01,940GZZLUTCR,940GZZLUHBN
Central ,Eastbound,HOLBORN,CHANCERY LANE,0.4,0.87,1.0,1.0,940GZZLUHBN,940GZZLUCHL
Central ,Eastbound,CHANCERY LANE,ST PAULS,1.03,1.52,2.0,2.0,940GZZLUCHL,
Central ,Eastbound,ST PAULS,BANK,0.74,1.62,2.0,2.0,,940GZZLUBNK
Central ,Eastbound,BANK,LIVERPOOL STREET,0.74,1.62,2.25,2.25,940GZZLUBNK,940GZZLULVT
Central ,Eastbound,LIVERPOOL STREET,BETHNAL GREEN,2.27,2.6,2.75,2.75,940GZZLULVT,940GZZLUBLG
Central ,Eastbound,BETHNAL GREEN,MILE END,1.64,1.98,2.25,2.25,940GZZLUBLG,940GZZLUMED
Central ,Eastbound,MILE END,STRATFORD,2.83,3.18,3.42,3.25,940GZZLUMED,940GZZLUSTD
Central ,Eastbound,STRATFORD,LEYTON,2.09,2.4,2.75,2.75,940GZZLUSTD,940GZZLULYN
Central ,Eastbound,LEYTON,LEYTONSTONE,1.62,2.02,2.81,2.76,940GZZLULYN,940GZZLULYS
Central ,Eastbound,LEYTONSTONE,WANSTEAD,1.72,2.15,2.25,2.25,940GZZLULYS,940GZZLUWSD
Central ,Eastbound,WANSTEAD,REDBRIDGE,1.22,1.62,2.0,2.0,940GZZLUWSD,940GZZLURBG
Central ,Eastbound,REDBRIDGE,GANTS HILL,1.27,1.65,1.75,1.75,940GZZLURBG,940GZZLUGTH
Central ,Eastbound,GANTS HILL,NEWBURY PARK,2.36,2.68,3.06,2.98,940GZZLUGTH,940GZZLUNBP
Central ,Eastbound,NEWBURY PARK,BARKINGSIDE,1.11,1.55,1.75,1.75,940GZZLUNBP,940GZZLUBKE
Central ,Eastbound,BARKINGSIDE,FAIRLOP,1.22,1.57,1.84,1.79,940GZZLUBKE,940GZZLUFLP
Central ,Eastbound,FAIRLOP,HAINAULT,0.75,2.93,3.89,4.12,940GZZLUFLP,940GZZLUHLT
Central ,Eastbound,LEYTONSTONE,SNARESBROOK,1.57,1.8,2.25,2.25,940GZZLULYS,940GZZLUSNB
Central ,Eastbound,SNARESBROOK,SOUTH WOODFORD,1.29,1.62,1.75,1.75,940GZZLUSNB,940GZZLUSWF
Central ,Eastbound,SOUTH WOODFORD,WOODFORD,1.8,1.9,2.34,2.26,940GZZLUSWF,940GZZLUWOF
Central ,Inner,RODING VALLEY,WOODFORD,1.33,2.03,2.78,2.22,940GZZLURVY,940GZZLUWOF
Central ,Inner,CHIGWELL,RODING VALLEY,2.28,2.45,2.77,2.5,940GZZLUCWL,940GZZLURVY
Central ,Inner,GRANGE HILL,CHIGWELL,1.32,1.63,2.0,2.0,940GZZLUGGH,940GZZLUCWL
Central ,Inner,HAINAULT,GRANGE HILL,1.12,1.73,1.89,1.79,940GZZLUHLT,940GZZLUGGH
Central ,Eastbound,WOODFORD,BUCKHURST HILL,2.31,2.28,2.5,2.5,940GZZLUWOF,940GZZLUBKH
Central ,Eastbound,BUCKHURST HILL,LOUGHTON,1.83,2.35,2.7,2.53,940GZZLUBKH,940GZZLULGN
Central ,Eastbound,LOUGHTON,DEBDEN,2.02,2.13,2.22,2.25,940GZZLULGN,940GZZLUDBN
Central ,Eastbound,DEBDEN,THEYDON BOIS,3.34,3.0,3.0,3.0,940GZZLUDBN,940GZZLUTHB
Central ,Eastbound,THEYDON BOIS,EPPING,2.54,2.6,2.76,2.75,940GZZLUTHB,940GZZLUEPG
Central ,Westbound,EPPING,THEYDON BOIS,2.54,2.37,2.5,2.5,940GZZLUEPG,940GZZLUTHB
Central ,Westbound,THEYDON BOIS,DEBDEN,3.34,2.88,3.43,3.25,940GZZLUTHB,940GZZLUDBN
Central ,Westbound,DEBDEN,LOUGHTON,2.02,2.67,2.97,3.4,940GZZLUDBN,940GZZLULGN
Central ,Westbound,LOUGHTON,BUCKHURST HILL,1.83,2.07,2.53,2.5,940GZZLULGN,940GZZLUBKH
Central ,Westbound,BUCKHURST HILL,WOODFORD,2.31,2.32,2.53,2.53,940GZZLUBKH,940GZZLUWOF
Central ,Outer,GRANGE HILL,HAINAULT,1.12,1.7,5.28,4.32,940GZZLUGGH,940GZZLUHLT
Central ,Outer,CHIGWELL,GRANGE HILL,1.32,1.73,2.61,2.11,940GZZLUCWL,940GZZLUGGH
Central ,Outer,RODING VALLEY,CHIGWELL,2.28,2.13,2.25,2.25,940GZZLURVY,940GZZLUCWL
Central ,Outer,WOODFORD,RODING VALLEY,1.33,2.18,2.53,2.5,940GZZLUWOF,940GZZLURVY
Central ,Westbound,WOODFORD,SOUTH WOODFORD,1.8,1.95,2.25,2.25,940GZZLUWOF,940GZZLUSWF
Central ,Westbound,SOUTH WOODFORD,SNARESBROOK,1.29,1.6,1.75,1.75,940GZZLUSWF,940GZZLUSNB
Central ,Westbound,SNARESBROOK,LEYTONSTONE,1.57,2.05,3.46,3.33,940GZZLUSNB,940GZZLULYS
Central ,Westbound,HAINAULT,FAIRLOP,0.75,1.82,2.0,2.0,940GZZLUHLT,940GZZLUFLP
Central ,Westbound,FAIRLOP,BARKINGSIDE,1.22,1.57,1.75,1.75,940GZZLUFLP,940GZZLUBKE
Central ,Westbound,BARKINGSIDE,NEWBURY PARK,1.11,1.58,2.25,2.35,940GZZLUBKE,940GZZLUNBP
Central ,Westbound,NEWBURY PARK,GANTS HILL,2.36,2.73,3.0,3.0,940GZZLUNBP,940GZZLUGTH
Central ,Westbound,GANTS HILL,REDBRIDGE,1.27,1.7,2.0,2.0,940GZZLUGTH,940GZZLURBG
Central ,Westbound,REDBRIDGE,WANSTEAD,1.22,1.58,1.75,1.75,940GZZLURBG,940GZZLUWSD
Central ,Westbound,WANSTEAD,LEYTONSTONE,1.72,2.17,3.05,3.64,940GZZLUWSD,940GZZLULYS
Central ,Westbound,LEYTONSTONE,LEYTON,1.62,2.02,2.25,2.25,940GZZLULYS,940GZZLULYN
Central ,Westbound,LEYTON,STRATFORD,2.09,2.43,2.96,2.75,940GZZLULYN,940GZZLUSTD
Central ,Westbound,STRATFORD,MILE END,2.83,3.03,3.0,3.0,940GZZLUSTD,940GZZLUMED
Central ,Westbound,MILE END,BETHNAL GREEN,1.64,1.97,2.47,2.25,940GZZLUMED,940GZZLUBLG
Central ,Westbound,BETHNAL GREEN,LIVERPOOL STREET,2.27,2.77,3.48,3.25,940GZZLUBLG,940GZZLULVT
Central ,Westbound,LIVERPOOL STREET,BANK,0.74,1.65,2.0,2.0,940GZZLULVT,940GZZLUBNK
Central ,Westbound,BANK,ST PAULS,0.74,1.63,2.0,2.0,940GZZLUBNK,
Central ,Westbound,ST PAULS,CHANCERY LANE,1.03,1.52,1.75,1.75,,940GZZLUCHL
Central ,Westbound,CHANCERY LANE,HOLBORN,0.4,0.85,1.46,1.25,940GZZLUCHL,940GZZLUHBN
Central ,Westbound,HOLBORN,TOTTENHAM COURT ROAD,0.88,1.38,1.75,1.75,940GZZLUHBN,940GZZLUTCR
Central ,Westbound,TOTTENHAM COURT ROAD,OXFORD CIRCUS,0.58,1.02,1.5,1.5,940GZZLUTCR,940GZZLUOXC
Central ,Westbound,OXFORD CIRCUS,BOND STREET,0.66,1.03,1.25,1.25,940GZZLUOXC,940GZZLUBND
Central ,Westbound,BOND STREET,MARBLE ARCH,0.55,1.02,1.66,1.5,940GZZLUBND,940GZZLUMBA
Central ,Westbound,MARBLE ARCH,LANCASTER GATE,1.2,1.62,2.0,2.0,940GZZLUMBA,940GZZLULGT
Central ,Westbound,LANCASTER GATE,QUEENSWAY,0.9,1.65,1.75,1.75,940GZZLULGT,940GZZLUQWY
Central ,Westbound,QUEENSWAY,NOTTING HILL GATE,0.69,1.18,1.5,1.5,940GZZLUQWY,940GZZLUNHG
Central ,Westbound,NOTTING HILL GATE,HOLLAND PARK,0.61,1.18,1.5,1.5,940GZZLUNHG,940GZZLUHPK
Central ,Westbound,HOLLAND PARK,SHEPHERDS BUSH,0.87,1.52,1.75,1.75,940GZZLUHPK,
Central ,Westbound,SHEPHERDS BUSH,WHITE CITY,1.16,2.77,3.74,3.97,,940GZZLUWCY
Central ,Westbound,WHITE CITY,EAST ACTON,2.06,2.67,3.0,3.0,940GZZLUWCY,940GZZLUEAN
Central ,Westbound,EAST ACTON,NORTH ACTON,1.11,1.57,2.12,2.54,940GZZLUEAN,940GZZLUNAN
Central ,Westbound,NORTH ACTON,WEST ACTON,1.77,2.52,2.85,2.76,940GZZLUNAN,940GZZLUWTA
Central ,Westbound,WEST ACTON,EALING BROADWAY,1.53,3.07,2.76,2.82,940GZZLUWTA,940GZZLUEBY
Central ,Westbound,NORTH ACTON,HANGER LANE,2.49,2.87,3.15,3.0,940GZZLUNAN,940GZZLUHGR
Central ,Westbound,HANGER LANE,PERIVALE,2.1,2.07,2.28,2.25,940GZZLUHGR,940GZZLUPVL
Central ,Westbound,PERIVALE,GREENFORD,1.69,2.0,2.27,2.25,940GZZLUPVL,940GZZLUGFD
Central ,Westbound,GREENFORD,NORTHOLT,1.78,2.15,2.37,2.28,940GZZLUGFD,940GZZLUNHT
Central ,Westbound,NORTHOLT,SOUTH RUISLIP,2.28,2.25,2.52,2.5,940GZZLUNHT,940GZZLUSRP
Central ,Westbound,SOUTH RUISLIP,RUISLIP GARDENS,0.86,1.37,2.09,1.54,940GZZLUSRP,940GZZLURSG
Central ,Westbound,RUISLIP GARDENS,WEST RUISLIP,2.04,2.68,2.86,2.75,940GZZLURSG,940GZZLUWRP
Victoria,Southbound,WALTHAMSTOW,BLACKHORSE ROAD,1.45,2.12,2.0,2.0,,940GZZLUBLR
Victoria,Southbound,BLACKHORSE ROAD,TOTTENHAM HALE,1.37,1.9,2.36,2.0,940GZZLUBLR,940GZZLUTMH
Victoria,Southbound,TOTTENHAM HALE,SEVEN SISTERS,1.05,2.0,2.77,3.28,940GZZLUTMH,940GZZLUSVS
Victoria,Southbound,SEVEN SISTERS,FINSBURY PARK,3.15,3.77,4.0,4.0,940GZZLUSVS,940GZZLUFPK
Victoria,Southbound,FINSBURY PARK,HIGHBURY,1.93,2.9,2.89,2.55,940GZZLUFPK,
Victoria,Southbound,HIGHBURY,KINGS CROSS,2.45,2.77,3.5,3.5,,
Victoria,Southbound,KINGS CROSS,EUSTON,0.74,1.32,1.92,1.5,,940GZZLUEUS
Victoria,Southbound,EUSTON,WARREN STREET,0.76,1.3,1.5,1.5,940GZZLUEUS,940GZZLUWRR
Victoria,Southbound,WARREN STREET,OXFORD CIRCUS,0.9,1.72,2.44,2.0,940GZZLUWRR,940GZZLUOXC
Victoria,Southbound,OXFORD CIRCUS,GREEN PARK,1.14,1.78,2.0,2.04,940GZZLUOXC,940GZZLUGPK
Victoria,Southbound,GREEN PARK,VICTORIA,1.09,1.88,2.5,2.54,940GZZLUGPK,940GZZLUVIC
Victoria,Southbound,VICTORIA,PIMLICO,1.19,1.83,2.0,2.0,940GZZLUVIC,940GZZLUPCO
Victoria,Southbound,PIMLICO,VAUXHALL,0.8,1.4,1.5,1.54,940GZZLUPCO,940GZZLUVXL
Victoria,Southbound,VAUXHALL,STOCKWELL,1.77,2.3,2.94,2.52,940GZZLUVXL,940GZZLUSKW
Victoria,Southbound,STOCKWELL,BRIXTON,1.46,2.03,2.5,2.5,940GZZLUSKW,940GZZLUBXN
Victoria,Northbound,BRIXTON,STOCKWELL,1.46,2.18,2.45,2.0,940GZZLUBXN,940GZZLUSKW
Victoria,Northbound,STOCKWELL,VAUXHALL,1.77,2.23,2.5,2.5,940GZZLUSKW,940GZZLUVXL
Victoria,Northbound,VAUXHALL,PIMLICO,0.8,1.37,1.5,1.5,940GZZLUVXL,940GZZLUPCO
Victoria,Northbound,PIMLICO,VICTORIA,1.19,2.18,2.97,2.51,940GZZLUPCO,940GZZLUVIC
Victoria,Northbound,VICTORIA,GREEN PARK,1.09,1.95,2.0,2.0,940GZZLUVIC,940GZZLUGPK
Victoria,Northbound,GREEN PARK,OXFORD CIRCUS,1.14,1.97,2.47,2.02,940GZZLUGPK,940GZZLUOXC
Victoria,Northbound,OXFORD CIRCUS,WARREN STREET,0.9,1.53,2.48,2.04,940GZZLUOXC,940GZZLUWRR
Victoria,Northbound,WARREN STREET,EUSTON,0.76,1.32,1.5,1.5,940GZZLUWRR,940GZZLUEUS
Victoria,Northbound,EUSTON,KINGS CROSS,0.74,1.35,2.0,2.0,940GZZLUEUS,
Victoria,Northbound,KINGS CROSS,HIGHBURY,2.45,2.87,3.0,3.0,,
Victoria,Northbound,HIGHBURY,FINSBURY PARK,1.93,2.4,2.97,2.56,,940GZZLUFPK
Victoria,Northbound,FINSBURY PARK,SEVEN SISTERS,3.15,4.25,5.34,5.76,940GZZLUFPK,940GZZLUSVS
Victoria,Northbound,SEVEN SISTERS,TOTTENHAM HALE,1.05,1.6,1.5,1.5,940GZZLUSVS,940GZZLUTMH
Victoria,Northbound,TOTTENHAM HALE,BLACKHORSE ROAD,1.37,1.97,2.5,2.5,940GZZLUTMH,940GZZLUBLR
Victoria,Northbound,BLACKHORSE ROAD,WALTHAMSTOW,1.45,2.12,2.04,2.01,940GZZLUBLR,
Waterloo & City,Eastbound,WATERLOO,BANK,2.37,4.87,4.0,4.0,940GZZLUWLO,940GZZLUBNK
Waterloo & City,Westbound,BANK,WATERLOO,2.37,4.2,3.75,3.75,940GZZLUBNK,940GZZLUWLO
Jubilee ,Eastbound,STANMORE,CANONS PARK,1.27,1.95,2.0,2.0,940GZZLUSTM,940GZZLUCPK
Jubilee ,Eastbound,CANONS PARK,QUEENSBURY,1.71,1.93,2.5,2.5,940GZZLUCPK,940GZZLUQBY
Jubilee ,Eastbound,QUEENSBURY,KINGSBURY,1.33,1.72,2.0,2.0,940GZZLUQBY,940GZZLUKBY
Jubilee ,Eastbound,KINGSBURY,WEMBLEY PARK,2.85,3.47,4.73,4.56,940GZZLUKBY,940GZZLUWYP
Jubilee ,Eastbound,WEMBLEY PARK,NEASDEN,2.28,2.6,3.03,3.01,940GZZLUWYP,940GZZLUNDN
Jubilee ,Eastbound,NEASDEN,DOLLIS HILL,0.85,1.43,1.5,1.5,940GZZLUNDN,940GZZLUDOH
Jubilee ,Eastbound,DOLLIS HILL,WILLESDEN GREEN,1.21,1.8,2.11,2.14,940GZZLUDOH,940GZZLUWIG
Jubilee ,Eastbound,WILLESDEN GREEN,KILBURN,1.19,1.68,2.0,2.0,940GZZLUWIG,940GZZLUKBN
Jubilee ,Eastbound,KILBURN,WEST HAMPSTEAD,1.09,1.63,2.5,2.0,940GZZLUKBN,940GZZLUWHP
Jubilee ,Eastbound,WEST HAMPSTEAD,FINCHLEY ROAD,0.61,1.25,1.5,1.5,940GZZLUWHP,940GZZLUFYR
Jubilee ,Eastbound,FINCHLEY ROAD,SWISS COTTAGE,0.61,1.18,1.5,1.5,940GZZLUFYR,940GZZLUSWC
Jubilee ,Eastbound,SWISS COTTAGE,ST JOHNS WOOD,0.92,1.52,2.0,2.0,940GZZLUSWC,
Jubilee ,Eastbound,ST JOHNS WOOD,BAKER STREET,2.06,2.77,3.5,3.5,,940GZZLUBST
Jubilee ,Eastbound,BAKER STREET,BOND STREET,1.66,2.1,2.5,2.5,940GZZLUBST,940GZZLUBND
Jubilee ,Eastbound,BOND STREET,GREEN PARK,1.37,1.78,2.5,2.5,940GZZLUBND,940GZZLUGPK
Jubilee ,Eastbound,GREEN PARK,WESTMINSTER,1.34,1.87,2.5,2.5,940GZZLUGPK,940GZZLUWSM
Jubilee ,Eastbound,WESTMINSTER,WATERLOO,0.96,1.38,2.0,2.0,940GZZLUWSM,940GZZLUWLO
Jubilee ,Eastbound,WATERLOO,SOUTHWARK,0.44,1.02,1.0,1.0,940GZZLUWLO,940GZZLUSWK
Jubilee ,Eastbound,SOUTHWARK,LONDON BRIDGE,1.26,1.65,2.5,2.5,940GZZLUSWK,940GZZLULNB
Jubilee ,Eastbound,LONDON BRIDGE,BERMONDSEY,1.93,2.25,2.5,2.5,940GZZLULNB,940GZZLUBMY
Jubilee ,Eastbound,BERMONDSEY,CANADA WATER,1.06,1.48,2.0,2.0,940GZZLUBMY,940GZZLUCWR
Jubilee ,Eastbound,CANADA WATER,CANARY WHARF,2.41,2.5,3.0,3.02,940GZZLUCWR,940GZZLUCYF
Jubilee ,Eastbound,CANARY WHARF,NORTH GREENWICH,1.71,2.23,3.19,3.49,940GZZLUCYF,940GZZLUNGW
Jubilee ,Eastbound,NORTH GREENWICH,CANNING TOWN,1.71,2.15,2.5,2.5,940GZZLUNGW,940GZZLUCGT
Jubilee ,Eastbound,CANNING TOWN,WEST HAM,1.58,2.15,2.93,2.58,940GZZLUCGT,940GZZLUWHM
Jubilee ,Eastbound,WEST HAM,STRATFORD,1.54,3.15,4.9,3.77,940GZZLUWHM,940GZZLUSTD
Jubilee ,Westbound,STRATFORD,WEST HAM,1.54,2.42,3.5,3.12,940GZZLUSTD,940GZZLUWHM
Jubilee ,Westbound,WEST HAM,CANNING TOWN,1.58,2.13,2.5,2.5,940GZZLUWHM,940GZZLUCGT
Jubilee ,Westbound,CANNING TOWN,NORTH GREENWICH,1.71,2.17,3.07,2.99,940GZZLUCGT,940GZZLUNGW
Jubilee ,Westbound,NORTH GREENWICH,CANARY WHARF,1.71,1.98,2.55,2.5,940GZZLUNGW,940GZZLUCYF
Jubilee ,Westbound,CANARY WHARF,CANADA WATER,2.41,2.63,3.0,3.0,940GZZLUCYF,940GZZLUCWR
Jubilee ,Westbound,CANADA WATER,BERMONDSEY,1.06,1.52,2.0,2.0,940GZZLUCWR,940GZZLUBMY
Jubilee ,Westbound,BERMONDSEY,LONDON BRIDGE,1.93,2.17,2.5,2.5,940GZZLUBMY,940GZZLULNB
Jubilee ,Westbound,LONDON BRIDGE,SOUTHWARK,1.26,1.77,2.0,2.0,940GZZLULNB,940GZZLUSWK
Jubilee ,Westbound,SOUTHWARK,WATERLOO,0.44,0.97,1.5,1.5,940GZZLUSWK,940GZZLUWLO
Jubilee ,Westbound,WATERLOO,WESTMINSTER,0.96,1.43,2.44,2.01,940GZZLUWLO,940GZZLUWSM
Jubilee ,Westbound,WESTMINSTER,GREEN PARK,1.34,1.82,2.0,2.01,940GZZLUWSM,940GZZLUGPK
Jubilee ,Westbound,GREEN PARK,BOND STREET,1.37,1.82,2.5,2.5,940GZZLUGPK,940GZZLUBND
Jubilee ,Westbound,BOND STREET,BAKER STREET,1.66,2.28,2.5,2.5,940GZZLUBND,940GZZLUBST
Jubilee ,Westbound,BAKER STREET,ST JOHNS WOOD,2.06,2.85,3.5,3.5,940GZZLUBST,
Jubilee ,Westbound,ST JOHNS WOOD,SWISS COTTAGE,0.92,1.52,1.5,1.5,,940GZZLUSWC
Jubilee ,Westbound,SWISS COTTAGE,FINCHLEY ROAD,0.61,1.18,2.0,2.0,940GZZLUSWC,940GZZLUFYR
Jubilee ,Westbound,FINCHLEY ROAD,WEST HAMPSTEAD,0.61,1.2,1.5,1.51,940GZZLUFYR,940GZZLUWHP
Jubilee ,Westbound,WEST HAMPSTEAD,KILBURN,1.09,1.55,2.0,2.0,940GZZLUWHP,940GZZLUKBN
Jubilee ,Westbound,KILBURN,WILLESDEN GREEN,1.19,2.07,2.32,2.22,940GZZLUKBN,940GZZLUWIG
Jubilee ,Westbound,WILLESDEN GREEN,DOLLIS HILL,1.21,1.67,2.0,2.0,940GZZLUWIG,940GZZLUDOH
Jubilee ,Westbound,DOLLIS HILL,NEASDEN,0.85,1.38,1.62,1.5,940GZZLUDOH,940GZZLUNDN
Jubilee ,Westbound,NEASDEN,WEMBLEY PARK,2.28,2.65,3.76,3.53,940GZZLUNDN,940GZZLUWYP
Jubilee ,Westbound,WEMBLEY PARK,KINGSBURY,2.85,3.47,4.0,4.0,940GZZLUWYP,940GZZLUKBY
Jubilee ,Westbound,KINGSBURY,QUEENSBURY,1.33,1.85,2.0,2.0,940GZZLUKBY,940GZZLUQBY
Jubilee ,Westbound,QUEENSBURY,CANONS PARK,1.71,2.23,2.5,2.5,940GZZLUQBY,940GZZLUCPK
Jubilee ,Westbound,CANONS PARK,STANMORE,1.27,2.87,3.24,3.09,940GZZLUCPK,940GZZLUSTM
Northern ,Southbound,EDGWARE,BURNT OAK,1.47,2.43,2.5,2.5,940GZZLUEGW,940GZZLUBTK
Northern ,Southbound,BURNT OAK,COLINDALE,1.31,1.98,2.5,2.5,940GZZLUBTK,940GZZLUCND
Northern ,Southbound,COLINDALE,HENDON CENTRAL,2.1,2.83,3.0,3.0,940GZZLUCND,940GZZLUHCL
Northern ,Southbound,HENDON CENTRAL,BRENT CROSS,1.1,1.73,2.0,2.0,940GZZLUHCL,940GZZLUBTX
Northern ,Southbound,BRENT CROSS,GOLDERS GREEN,1.55,2.57,3.03,3.64,940GZZLUBTX,940GZZLUGGN
Northern ,Southbound,GOLDERS GREEN,HAMPSTEAD,2.34,3.42,3.5,3.5,940GZZLUGGN,940GZZLUHTD
Northern ,Southbound,HAMPSTEAD,BELSIZE PARK,1.2,1.82,2.0,2.0,940GZZLUHTD,940GZZLUBZP
Northern ,Southbound,BELSIZE PARK,CHALK FARM,1.1,1.77,2.0,2.0,940GZZLUBZP,940GZZLUCFM
Northern ,Southbound,CHALK FARM,CAMDEN TOWN,0.85,1.53,2.62,2.56,940GZZLUCFM,940GZZLUCTN
Northern ,Southbound,HIGH BARNET,TOTTERIDGE & WHETSTONE,2.46,3.67,3.5,3.5,940GZZLUHBT,940GZZLUTAW
Northern ,Southbound,TOTTERIDGE & WHETSTONE,WOODSIDE PARK,1.5,2.23,2.5,2.5,940GZZLUTAW,940GZZLUWOP
Northern ,Southbound,WOODSIDE PARK,WEST FINCHLEY,0.98,1.7,1.5,1.5,940GZZLUWOP,940GZZLUWFN
Northern ,Southbound,WEST FINCHLEY,FINCHLEY CENTRAL,1.14,2.08,3.13,2.51,940GZZLUWFN,940GZZLUFYC
Northern ,Southbound,MILL HILL EAST,FINCHLEY CENTRAL,1.52,2.75,3.27,3.0,940GZZLUMHL,940GZZLUFYC
Northern ,Southbound,FINCHLEY CENTRAL,EAST FINCHLEY,2.42,3.37,3.5,3.5,940GZZLUFYC,940GZZLUEFY
Northern ,Southbound,EAST FINCHLEY,HIGHGATE,1.63,3.0,3.0,3.0,940GZZLUEFY,940GZZLUHGT
Northern ,Southbound,HIGHGATE,ARCHWAY,1.7,2.8,3.0,3.0,940GZZLUHGT,940GZZLUACY
Northern ,Southbound,ARCHWAY,TUFNELL PARK,0.88,1.6,1.5,1.5,940GZZLUACY,940GZZLUTFP
Northern ,Southbound,TUFNELL PARK,KENTISH TOWN,0.8,1.42,1.5,1.5,940GZZLUTFP,940GZZLUKSH
Northern ,Southbound,KENTISH TOWN,CAMDEN TOWN,1.15,1.93,3.08,3.08,940GZZLUKSH,940GZZLUCTN
Northern ,Southbound,CAMDEN TOWN,MORNINGTON CRESCENT,0.64,1.63,1.5,1.5,940GZZLUCTN,940GZZLUMTC
Northern ,Southbound,MORNINGTON CRESCENT,EUSTON (CX),0.82,1.52,2.0,2.0,940GZZLUMTC,
Northern ,Southbound,EUSTON (CX),WARREN STREET,0.58,1.18,1.5,1.5,,940GZZLUWRR
Northern ,Southbound,WARREN STREET,GOODGE STREET,0.46,1.07,1.5,1.5,940GZZLUWRR,940GZZLUGDG
Northern ,Southbound,GOODGE STREET,TOTTENHAM COURT ROAD,0.62,1.32,1.73,1.5,940GZZLUGDG,940GZZLUTCR
Northern ,Southbound,TOTTENHAM COURT ROAD,LEICESTER SQUARE,0.4,0.98,1.0,1.0,940GZZLUTCR,940GZZLULSQ
Northern ,Southbound,LEICESTER SQUARE,CHARING CROSS,0.46,1.2,1.99,1.5,940GZZLULSQ,940GZZLUCHX
Northern ,Southbound,CHARING CROSS,EMBANKMENT,0.27,0.8,1.0,1.0,940GZZLUCHX,940GZZLUEMB
Northern ,Southbound,EMBANKMENT,WATERLOO,0.7,1.37,1.5,1.5,940GZZLUEMB,940GZZLUWLO
Northern ,Southbound,WATERLOO,KENNINGTON (CX),1.89,2.97,3.96,3.4,940GZZLUWLO,
Northern ,Southbound,CAMDEN TOWN,EUSTON (CITY),1.71,2.95,3.5,3.55,940GZZLUCTN,
Northern ,Southbound,EUSTON (CITY),KINGS CROSS,0.61,1.53,1.5,1.5,,
Northern ,Southbound,KINGS CROSS,ANGEL,1.38,2.18,2.5,2.5,,940GZZLUAGL
Northern ,Southbound,ANGEL,OLD STREET,1.44,2.87,3.0,3.0,940GZZLUAGL,940GZZLUODS
Northern ,Southbound,OLD STREET,MOORGATE,0.69,1.37,2.0,1.51,940GZZLUODS,940GZZLUMGT
Northern ,Southbound,MOORGATE,BANK,0.82,1.9,2.0,2.0,940GZZLUMGT,940GZZLUBNK
Northern ,Southbound,BANK,LONDON BRIDGE,0.69,1.55,2.25,2.0,940GZZLUBNK,940GZZLULNB
Northern ,Southbound,LONDON BRIDGE,BOROUGH,0.67,1.45,1.5,1.5,940GZZLULNB,940GZZLUBOR
Northern ,Southbound,BOROUGH,ELEPHANT & CASTLE,0.85,1.72,2.0,2.0,940GZZLUBOR,940GZZLUEAC
Northern ,Southbound,ELEPHANT & CASTLE,KENNINGTON (CITY),0.9,2.03,3.0,3.47,940GZZLUEAC,
Northern ,Southbound,KENNINGTON,OVAL,0.82,1.58,2.0,2.0,940GZZLUKNG,940GZZLUOVL
Northern ,Southbound,OVAL,STOCKWELL,1.36,2.2,2.5,2.5,940GZZLUOVL,940GZZLUSKW
Northern ,Southbound,STOCKWELL,CLAPHAM NORTH,0.82,1.55,1.5,1.5,940GZZLUSKW,940GZZLUCPN
Northern ,Southbound,CLAPHAM NORTH,CLAPHAM COMMON,0.62,1.4,1.5,1.5,940GZZLUCPN,940GZZLUCPC
Northern ,Southbound,CLAPHAM COMMON,CLAPHAM SOUTH,1.25,2.0,2.5,2.5,940GZZLUCPC,940GZZLUCPS
Northern ,Southbound,CLAPHAM SOUTH,BALHAM,1.15,1.88,2.0,2.0,940GZZLUCPS,940GZZLUBLM
Northern ,Southbound,BALHAM,TOOTING BEC,0.98,1.67,2.0,2.0,940GZZLUBLM,940GZZLUTBC
Northern ,Southbound,TOOTING BEC,TOOTING BROADWAY,1.1,1.77,2.0,2.0,940GZZLUTBC,940GZZLUTBY
Northern ,Southbound,TOOTING BROADWAY,COLLIERS WOOD,1.2,1.98,2.0,2.0,940GZZLUTBY,940GZZLUCSD
Northern ,Southbound,COLLIERS WOOD,SOUTH WIMBLEDON,1.14,1.88,2.0,2.0,940GZZLUCSD,940GZZLUSWN
Northern ,Southbound,SOUTH WIMBLEDON,MORDEN,1.46,2.95,3.55,3.56,940GZZLUSWN,940GZZLUMDN
Northern ,Northbound,MORDEN,SOUTH WIMBLEDON,1.46,2.35,2.5,2.5,940GZZLUMDN,940GZZLUSWN
Northern ,Northbound,SOUTH WIMBLEDON,COLLIERS WOOD,1.14,1.85,2.0,2.0,940GZZLUSWN,940GZZLUCSD
Northern ,Northbound,COLLIERS WOOD,TOOTING BROADWAY,1.2,1.97,2.0,2.0,940GZZLUCSD,940GZZLUTBY
Northern ,Northbound,TOOTING BROADWAY,TOOTING BEC,1.1,1.88,2.0,2.0,940GZZLUTBY,940GZZLUTBC
Northern ,Northbound,TOOTING BEC,BALHAM,0.98,1.65,2.0,2.0,940GZZLUTBC,940GZZLUBLM
Northern ,Northbound,BALHAM,CLAPHAM SOUTH,1.15,1.8,2.0,2.0,940GZZLUBLM,940GZZLUCPS
Northern ,Northbound,CLAPHAM SOUTH,CLAPHAM COMMON,1.25,2.2,2.5,2.5,940GZZLUCPS,940GZZLUCPC
Northern ,Northbound,CLAPHAM COMMON,CLAPHAM NORTH,0.62,1.32,1.76,1.5,940GZZLUCPC,940GZZLUCPN
Northern ,Northbound,CLAPHAM NORTH,STOCKWELL,0.82,1.72,2.49,2.0,940GZZLUCPN,940GZZLUSKW
Northern ,Northbound,STOCKWELL,OVAL,1.36,2.03,2.5,2.5,940GZZLUSKW,940GZZLUOVL
Northern ,Northbound,OVAL,KENNINGTON (CITY),0.82,1.7,2.81,2.91,940GZZLUOVL,
Northern ,Northbound,KENNINGTON (CITY),ELEPHANT & CASTLE,0.9,1.8,2.0,2.0,,940GZZLUEAC
Northern ,Northbound,ELEPHANT & CASTLE,BOROUGH,0.85,1.75,2.0,2.0,940GZZLUEAC,940GZZLUBOR
Northern ,Northbound,BOROUGH,LONDON BRIDGE,0.67,1.4,1.5,1.5,940GZZLUBOR,940GZZLULNB
Northern ,Northbound,LONDON BRIDGE,BANK,0.69,1.53,2.34,2.0,940GZZLULNB,940GZZLUBNK
Northern ,Northbound,BANK,MOORGATE,0.82,1.77,2.5,2.01,940GZZLUBNK,940GZZLUMGT
Northern ,Northbound,MOORGATE,OLD STREET,0.69,1.45,1.5,1.5,940GZZLUMGT,940GZZLUODS
Northern ,Northbound,OLD STREET,ANGEL,1.44,2.43,2.5,2.5,940GZZLUODS,940GZZLUAGL
Northern ,Northbound,ANGEL,KINGS CROSS,1.38,2.15,2.5,2.5,940GZZLUAGL,
Northern ,Northbound,KINGS CROSS,EUSTON (CITY),0.61,1.33,1.68,1.52,,
Northern ,Northbound,EUSTON (CITY),CAMDEN TOWN,1.71,3.88,4.42,4.02,,940GZZLUCTN
Northern ,Northbound,KENNINGTON (CX),WATERLOO,1.89,2.77,3.0,3.0,,940GZZLUWLO
Northern ,Northbound,WATERLOO,EMBANKMENT,0.7,1.4,2.0,2.0,940GZZLUWLO,940GZZLUEMB
Northern ,Northbound,EMBANKMENT,CHARING CROSS,0.27,0.87,1.26,1.0,940GZZLUEMB,940GZZLUCHX
Northern ,Northbound,CHARING CROSS,LEICESTER SQUARE,0.46,1.17,1.5,1.5,940GZZLUCHX,940GZZLULSQ
Northern ,Northbound,LEICESTER SQUARE,TOTTENHAM COURT ROAD,0.4,1.03,1.5,1.5,940GZZLULSQ,940GZZLUTCR
Northern ,Northbound,TOTTENHAM COURT ROAD,GOODGE STREET,0.62,1.28,1.5,1.5,940GZZLUTCR,940GZZLUGDG
Northern ,Northbound,GOODGE STREET,WARREN STREET,0.46,1.07,1.5,1.5,940GZZLUGDG,940GZZLUWRR
Northern ,Northbound,WARREN STREET,EUSTON (CX),0.58,1.18,1.5,1.5,940GZZLUWRR,
Northern ,Northbound,EUSTON (CX),MORNINGTON CRESCENT,0.82,1.53,1.51,1.5,,940GZZLUMTC
Northern ,Northbound,MORNINGTON CRESCENT,CAMDEN TOWN,0.64,1.8,2.99,2.04,940GZZLUMTC,940GZZLUCTN
Northern ,Northbound,CAMDEN TOWN,KENTISH TOWN,1.15,1.95,2.0,2.0,940GZZLUCTN,940GZZLUKSH
Northern ,Northbound,KENTISH TOWN,TUFNELL PARK,0.8,1.58,1.5,1.5,940GZZLUKSH,940GZZLUTFP
Northern ,Northbound,TUFNELL PARK,ARCHWAY,0.88,1.68,2.0,2.0,940GZZLUTFP,940GZZLUACY
Northern ,Northbound,ARCHWAY,HIGHGATE,1.7,2.75,3.0,3.0,940GZZLUACY,940GZZLUHGT
Northern ,Northbound,HIGHGATE,EAST FINCHLEY,1.63,2.62,3.02,3.0,940GZZLUHGT,940GZZLUEFY
Northern ,Northbound,EAST FINCHLEY,FINCHLEY CENTRAL,2.42,3.1,4.28,4.26,940GZZLUEFY,940GZZLUFYC
Northern ,Northbound,FINCHLEY CENTRAL,MILL HILL EAST,1.52,2.98,2.5,2.5,940GZZLUFYC,940GZZLUMHL
Northern ,Northbound,FINCHLEY CENTRAL (HB),WEST FINCHLEY,1.14,2.1,2.0,2.0,,940GZZLUWFN
Northern ,Northbound,WEST FINCHLEY,WOODSIDE PARK,0.98,1.55,2.0,2.0,940GZZLUWFN,940GZZLUWOP
Northern ,Northbound,WOODSIDE PARK,TOTTERIDGE & WHETSTONE,1.5,2.23,2.5,2.5,940GZZLUWOP,940GZZLUTAW
Northern ,Northbound,TOTTERIDGE & WHETSTONE,HIGH BARNET,2.46,4.62,4.83,4.5,940GZZLUTAW,940GZZLUHBT
Northern ,Northbound,CAMDEN TOWN,CHALK FARM,0.85,1.55,1.5,1.5,940GZZLUCTN,940GZZLUCFM
Northern ,Northbound,CHALK FARM,BELSIZE PARK,1.1,1.9,2.0,2.0,940GZZLUCFM,940GZZLUBZP
Northern ,Northbound,BELSIZE PARK,HAMPSTEAD,1.2,2.02,2.5,2.5,940GZZLUBZP,940GZZLUHTD
Northern ,Northbound,HAMPSTEAD,GOLDERS GREEN,2.34,3.95,4.97,5.36,940GZZLUHTD,940GZZLUGGN
Northern ,Northbound,GOLDERS GREEN,BRENT CROSS,1.55,2.22,2.5,2.5,940GZZLUGGN,940GZZLUBTX
Northern ,Northbound,BRENT CROSS,HENDON CENTRAL,1.1,1.83,2.0,2.0,940GZZLUBTX,940GZZLUHCL
Northern ,Northbound,HENDON CENTRAL,COLINDALE,2.1,2.67,3.0,3.0,940GZZLUHCL,940GZZLUCND
Northern ,Northbound,COLINDALE,BURNT OAK,1.31,2.07,2.0,2.0,940GZZLUCND,940GZZLUBTK
Northern ,Northbound,BURNT OAK,EDGWARE,1.47,3.37,3.94,3.6,940GZZLUBTK,940GZZLUEGW
Piccadilly ,Eastbound,UXBRIDGE,HILLINGDON,2.03,3.0,3.0,3.0,940GZZLUUXB,940GZZLUHGD
Piccadilly ,Eastbound,HILLINGDON,ICKENHAM,1.08,1.6,2.0,2.0,940GZZLUHGD,940GZZLUICK
Piccadilly ,Eastbound,ICKENHAM,RUISLIP,1.85,2.3,2.5,2.5,940GZZLUICK,940GZZLURSP
Piccadilly ,Eastbound,RUISLIP,RUISLIP MANOR,0.72,1.3,1.5,1.5,940GZZLURSP,940GZZLURSM
Piccadilly ,Eastbound,RUISLIP MANOR,EASTCOTE,1.14,1.67,2.0,2.0,940GZZLURSM,940GZZLUEAE
Piccadilly ,Eastbound,EASTCOTE,RAYNERS LANE,1.72,2.23,3.35,3.95,940GZZLUEAE,940GZZLURYL
Piccadilly ,Eastbound,RAYNERS LANE,SOUTH HARROW,1.89,2.58,3.74,4.46,940GZZLURYL,940GZZLUSHH
Piccadilly ,Eastbound,SOUTH HARROW,SUDBURY HILL,1.36,1.85,2.0,2.0,940GZZLUSHH,940GZZLUSUH
Piccadilly ,Eastbound,SUDBURY HILL,SUDBURY TOWN,1.65,2.03,2.5,2.5,940GZZLUSUH,940GZZLUSUT
Piccadilly ,Eastbound,SUDBURY TOWN,ALPERTON,1.57,1.95,2.5,2.5,940GZZLUSUT,940GZZLUALP
Piccadilly ,Eastbound,ALPERTON,PARK ROYAL,1.97,2.2,2.5,2.5,940GZZLUALP,940GZZLUPKR
Piccadilly ,Eastbound,PARK ROYAL,NORTH EALING,1.06,1.52,2.5,2.03,940GZZLUPKR,940GZZLUNEN
Piccadilly ,Eastbound,NORTH EALING,EALING COMMON,0.94,1.65,2.5,2.5,940GZZLUNEN,940GZZLUECM
Piccadilly ,Eastbound,EALING COMMON,ACTON TOWN,1.03,1.83,3.04,3.45,940GZZLUECM,940GZZLUACT
Piccadilly ,Eastbound,HEATHROW 123,HATTON CROSS,2.15,2.63,4.43,4.08,,940GZZLUHNX
Piccadilly ,Eastbound,HATTON CROSS,HOUNSLOW WEST,2.91,3.25,3.5,3.5,940GZZLUHNX,940GZZLUHWT
Piccadilly ,Eastbound,HOUNSLOW WEST,HOUNSLOW CENTRAL,1.46,1.98,2.5,2.5,940GZZLUHWT,940GZZLUHWC
Piccadilly ,Eastbound,HOUNSLOW CENTRAL,HOUNSLOW EAST,0.74,1.3,1.5,1.5,940GZZLUHWC,940GZZLUHWE
Piccadilly ,Eastbound,HOUNSLOW EAST,OSTERLEY,0.96,1.53,2.0,2.0,940GZZLUHWE,940GZZLUOSY
Piccadilly ,Eastbound,OSTERLEY,BOSTON MANOR,2.42,2.85,3.0,3.0,940GZZLUOSY,940GZZLUBOS
Piccadilly ,Eastbound,BOSTON MANOR,NORTHFIELDS,0.99,1.98,4.46,3.38,940GZZLUBOS,940GZZLUNFD
Piccadilly ,Eastbound,NORTHFIELDS,SOUTH EALING,0.38,0.98,1.5,1.5,940GZZLUNFD,940GZZLUSEA
Piccadilly ,Eastbound,SOUTH EALING,ACTON TOWN,2.2,2.93,4.11,4.28,940GZZLUSEA,940GZZLUACT
Piccadilly ,Eastbound,ACTON TOWN,HAMMERSMITH,4.42,5.65,6.0,5.53,940GZZLUACT,
Piccadilly ,Eastbound,HAMMERSMITH,BARONS COURT,0.68,1.38,2.0,2.0,,940GZZLUBSC
Piccadilly ,Eastbound,BARONS COURT,EARLS COURT,1.62,2.55,3.0,3.0,940GZZLUBSC,
Piccadilly ,Eastbound,EARLS COURT,GLOUCESTER ROAD,0.78,1.37,1.5,1.5,,940GZZLUGTR
Piccadilly ,Eastbound,GLOUCESTER ROAD,SOUTH KENSINGTON,0.7,1.28,1.5,1.5,940GZZLUGTR,940GZZLUSKS
Piccadilly ,Eastbound,SOUTH KENSINGTON,KNIGHTSBRIDGE,1.22,2.48,3.0,3.0,940GZZLUSKS,940GZZLUKNB
Piccadilly ,Eastbound,KNIGHTSBRIDGE,HYDE PARK CORNER,0.51,1.1,1.5,1.5,940GZZLUKNB,940GZZLUHPC
Piccadilly ,Eastbound,HYDE PARK CORNER,GREEN PARK,1.06,1.73,2.0,2.02,940GZZLUHPC,940GZZLUGPK
Piccadilly ,Eastbound,GREEN PARK,PICCADILLY CIRCUS,0.56,1.1,1.5,1.5,940GZZLUGPK,940GZZLUPCC
Piccadilly ,Eastbound,PICCADILLY CIRCUS,LEICESTER SQUARE,0.49,1.17,1.5,1.5,940GZZLUPCC,940GZZLULSQ
Piccadilly ,Eastbound,LEICESTER SQUARE,COVENT GARDEN,0.25,0.77,1.0,1.01,940GZZLULSQ,940GZZLUCGN
Piccadilly ,Eastbound,COVENT GARDEN,HOLBORN,0.59,1.4,1.5,1.5,940GZZLUCGN,940GZZLUHBN
Piccadilly ,Eastbound,HOLBORN,RUSSELL SQUARE,0.72,1.55,2.0,2.0,940GZZLUHBN,940GZZLURSQ
Piccadilly ,Eastbound,RUSSELL SQUARE,KINGS CROSS,0.91,1.9,2.47,2.05,940GZZLURSQ,
Piccadilly ,Eastbound,KINGS CROSS,CALEDONIAN ROAD,1.96,2.88,3.5,3.5,,940GZZLUCAR
Piccadilly ,Eastbound,CALEDONIAN ROAD,HOLLOWAY ROAD,0.59,1.18,1.5,1.5,940GZZLUCAR,940GZZLUHWY
Piccadilly ,Eastbound,HOLLOWAY ROAD,ARSENAL,0.74,1.28,1.5,1.5,940GZZLUHWY,940GZZLUASL
Piccadilly ,Eastbound,ARSENAL,FINSBURY PARK,0.69,1.38,1.5,1.5,940GZZLUASL,940GZZLUFPK
Piccadilly ,Eastbound,FINSBURY PARK,MANOR HOUSE,1.04,1.55,2.0,2.0,940GZZLUFPK,940GZZLUMRH
Piccadilly ,Eastbound,MANOR HOUSE,TURNPIKE LANE,2.31,2.88,3.0,3.0,940GZZLUMRH,940GZZLUTPN
Piccadilly ,Eastbound,TURNPIKE LANE,WOOD GREEN,0.98,1.57,2.0,2.02,940GZZLUTPN,940GZZLUWOG
Piccadilly ,Eastbound,WOOD GREEN,BOUNDS GREEN,1.52,2.23,2.5,2.5,940GZZLUWOG,940GZZLUBDS
Piccadilly ,Eastbound,BOUNDS GREEN,ARNOS GROVE,1.25,2.58,3.62,3.91,940GZZLUBDS,940GZZLUASG
Piccadilly ,Eastbound,ARNOS GROVE,SOUTHGATE,1.94,2.8,2.52,2.51,940GZZLUASG,940GZZLUSGT
Piccadilly ,Eastbound,SOUTHGATE,OAKWOOD,1.86,2.48,3.9,3.51,940GZZLUSGT,940GZZLUOAK
Piccadilly ,Eastbound,OAKWOOD,COCKFOSTERS,1.27,2.83,3.0,3.09,940GZZLUOAK,940GZZLUCKS
Piccadilly ,Westbound,COCKFOSTERS,OAKWOOD,1.27,2.27,2.6,2.45,940GZZLUCKS,940GZZLUOAK
Piccadilly ,Westbound,OAKWOOD,SOUTHGATE,1.86,2.37,2.5,2.5,940GZZLUOAK,940GZZLUSGT
Piccadilly ,Westbound,SOUTHGATE,ARNOS GROVE,1.94,3.28,4.31,4.35,940GZZLUSGT,940GZZLUASG
Piccadilly ,Westbound,ARNOS GROVE,BOUNDS GREEN,1.25,2.25,2.0,2.0,940GZZLUASG,940GZZLUBDS
Piccadilly ,Westbound,BOUNDS GREEN,WOOD GREEN,1.52,2.2,2.5,2.57,940GZZLUBDS,940GZZLUWOG
Piccadilly ,Westbound,WOOD GREEN,TURNPIKE LANE,0.98,1.52,1.5,1.5,940GZZLUWOG,940GZZLUTPN
Piccadilly ,Westbound,TURNPIKE LANE,MANOR HOUSE,2.31,2.87,3.0,3.0,940GZZLUTPN,940GZZLUMRH
Piccadilly ,Westbound,MANOR HOUSE,FINSBURY PARK,1.04,1.67,2.49,2.0,940GZZLUMRH,940GZZLUFPK
Piccadilly ,Westbound,FINSBURY PARK,ARSENAL,0.69,1.35,1.5,1.5,940GZZLUFPK,940GZZLUASL
Piccadilly ,Westbound,ARSENAL,HOLLOWAY ROAD,0.74,1.3,1.5,1.5,940GZZLUASL,940GZZLUHWY
Piccadilly ,Westbound,HOLLOWAY ROAD,CALEDONIAN ROAD,0.59,1.2,1.5,1.5,940GZZLUHWY,940GZZLUCAR
Piccadilly ,Westbound,CALEDONIAN ROAD,KINGS CROSS,1.96,2.78,4.0,3.52,940GZZLUCAR,
Piccadilly ,Westbound,KINGS CROSS,RUSSELL SQUARE,0.91,1.67,2.0,2.0,,940GZZLURSQ
Piccadilly ,Westbound,RUSSELL SQUARE,HOLBORN,0.72,1.37,1.5,1.5,940GZZLURSQ,940GZZLUHBN
Piccadilly ,Westbound,HOLBORN,COVENT GARDEN,0.59,1.53,2.0,2.0,940GZZLUHBN,940GZZLUCGN
Piccadilly ,Westbound,COVENT GARDEN,LEICESTER SQUARE,0.25,0.77,1.0,1.0,940GZZLUCGN,940GZZLULSQ
Piccadilly ,Westbound,LEICESTER SQUARE,PICCADILLY CIRCUS,0.49,1.07,1.5,1.5,940GZZLULSQ,940GZZLUPCC
Piccadilly ,Westbound,PICCADILLY CIRCUS,GREEN PARK,0.56,1.18,1.5,1.5,940GZZLUPCC,940GZZLUGPK
Piccadilly ,Westbound,GREEN PARK,HYDE PARK CORNER,1.06,1.73,2.48,2.02,940GZZLUGPK,940GZZLUHPC
Piccadilly ,Westbound,HYDE PARK CORNER,KNIGHTSBRIDGE,0.51,1.12,1.5,1.5,940GZZLUHPC,940GZZLUKNB
Piccadilly ,Westbound,KNIGHTSBRIDGE,SOUTH KENSINGTON,1.22,2.23,2.5,2.5,940GZZLUKNB,940GZZLUSKS
Piccadilly ,Westbound,SOUTH KENSINGTON,GLOUCESTER ROAD,0.7,1.37,1.5,1.5,940GZZLUSKS,940GZZLUGTR
Piccadilly ,Westbound,GLOUCESTER ROAD,EARLS COURT,0.78,1.37,1.5,1.5,940GZZLUGTR,
Piccadilly ,Westbound,EARLS COURT,BARONS COURT,1.62,2.68,3.0,3.0,,940GZZLUBSC
Piccadilly ,Westbound,BARONS COURT,HAMMERSMITH,0.68,1.32,2.0,2.0,940GZZLUBSC,
Piccadilly ,Westbound,HAMMERSMITH,ACTON TOWN,4.42,4.7,6.67,6.87,,940GZZLUACT
Piccadilly ,Westbound,ACTON TOWN,SOUTH EALING,2.2,2.8,3.08,3.02,940GZZLUACT,940GZZLUSEA
Piccadilly ,Westbound,SOUTH EALING,NORTHFIELDS,0.38,0.95,2.87,1.98,940GZZLUSEA,940GZZLUNFD
Piccadilly ,Westbound,NORTHFIELDS,BOSTON MANOR,0.99,1.55,2.0,2.0,940GZZLUNFD,940GZZLUBOS
Piccadilly ,Westbound,BOSTON MANOR,OSTERLEY,2.42,2.85,3.0,3.0,940GZZLUBOS,940GZZLUOSY
Piccadilly ,Westbound,OSTERLEY,HOUNSLOW EAST,0.96,1.52,2.0,2.0,940GZZLUOSY,940GZZLUHWE
Piccadilly ,Westbound,HOUNSLOW EAST,HOUNSLOW CENTRAL,0.74,1.27,1.5,1.5,940GZZLUHWE,940GZZLUHWC
Piccadilly ,Westbound,HOUNSLOW CENTRAL,HOUNSLOW WEST,1.46,1.85,2.0,2.0,940GZZLUHWC,940GZZLUHWT
Piccadilly ,Westbound,HOUNSLOW WEST,HATTON CROSS,2.91,3.3,5.5,5.5,940GZZLUHWT,940GZZLUHNX
Piccadilly ,Westbound,HATTON CROSS,HEATHROW TERMINAL FOUR,1.83,2.1,2.5,2.5,940GZZLUHNX,
Piccadilly ,Westbound,HEATHROW TERMINAL FOUR,HEATHROW 123,4.31,4.63,5.0,5.0,,
Piccadilly ,Westbound,ACTON TOWN,EALING COMMON,1.03,1.72,2.02,2.01,940GZZLUACT,940GZZLUECM
Piccadilly ,Westbound,EALING COMMON,NORTH EALING,0.94,1.88,2.0,2.0,940GZZLUECM,940GZZLUNEN
Piccadilly ,Westbound,NORTH EALING,PARK ROYAL,1.06,1.67,2.0,2.0,940GZZLUNEN,940GZZLUPKR
Piccadilly ,Westbound,PARK ROYAL,ALPERTON,1.97,2.37,2.5,2.5,940GZZLUPKR,940GZZLUALP
Piccadilly ,Westbound,ALPERTON,SUDBURY TOWN,1.57,2.03,2.5,2.5,940GZZLUALP,940GZZLUSUT
Piccadilly ,Westbound,SUDBURY TOWN,SUDBURY HILL,1.65,2.25,2.5,2.5,940GZZLUSUT,940GZZLUSUH
Piccadilly ,Westbound,SUDBURY HILL,SOUTH HARROW,1.36,2.05,3.91,2.75,940GZZLUSUH,940GZZLUSHH
Piccadilly ,Westbound,SOUTH HARROW,RAYNERS LANE,1.89,2.4,3.43,3.06,940GZZLUSHH,940GZZLURYL
Piccadilly ,Westbound,RAYNERS LANE,EASTCOTE,1.72,2.2,2.5,2.5,940GZZLURYL,940GZZLUEAE
Piccadilly ,Westbound,EASTCOTE,RUISLIP MANOR,1.14,1.73,2.0,2.0,940GZZLUEAE,940GZZLURSM
Piccadilly ,Westbound,RUISLIP MANOR,RUISLIP,0.72,1.27,1.95,1.5,940GZZLURSM,940GZZLURSP
Piccadilly ,Westbound,RUISLIP,ICKENHAM,1.85,2.23,2.5,2.5,940GZZLURSP,940GZZLUICK
Piccadilly ,Westbound,ICKENHAM,HILLINGDON,1.08,1.58,2.0,2.0,940GZZLUICK,940GZZLUHGD
Piccadilly ,Westbound,HILLINGDON,UXBRIDGE,2.03,3.7,3.92,3.5,940GZZLUHGD,940GZZLUUXB
Metropolitan,Westbound,ALDGATE,LIVERPOOL STREET,0.61,1.75,2.0,2.38,940GZZLUALD,940GZZLULVT
Metropolitan,Westbound,LIVERPOOL STREET,MOORGATE,0.51,1.32,1.5,1.5,940GZZLULVT,940GZZLUMGT
Metropolitan,Westbound,MOORGATE,BARBICAN,0.63,1.38,1.5,1.5,940GZZLUMGT,940GZZLUBBN
Metropolitan,Westbound,BARBICAN,FARRINGDON,0.51,1.2,1.95,1.5,940GZZLUBBN,940GZZLUFCN
Metropolitan,Westbound,FARRINGDON,KINGS CROSS ST PANCRAS,1.85,3.12,3.5,3.5,940GZZLUFCN,
Metropolitan,Westbound,KINGS CROSS ST PANCRAS,EUSTON SQUARE,0.85,1.65,2.0,2.0,,940GZZLUESQ
Metropolitan,Westbound,EUSTON SQUARE,GREAT PORTLAND STREET,0.61,1.3,1.5,1.5,940GZZLUESQ,940GZZLUGPS
Metropolitan,Westbound,GREAT PORTLAND STREET,BAKER STREET (MET),0.92,2.23,4.08,3.82,940GZZLUGPS,
Metropolitan,Westbound,BAKER STREET (MET),FINCHLEY ROAD,3.38,5.55,5.55,5.51,,940GZZLUFYR
Metropolitan,Westbound,FINCHLEY ROAD,WEMBLEY PARK,7.24,7.05,6.95,7.0,940GZZLUFYR,940GZZLUWYP
Metropolitan,Westbound,WEMBLEY PARK,PRESTON ROAD,1.46,2.12,2.5,2.5,940GZZLUWYP,940GZZLUPRD
Metropolitan,Westbound,PRESTON ROAD,NORTHWICK PARK,1.64,2.3,2.5,2.5,940GZZLUPRD,940GZZLUNKP
Metropolitan,Westbound,NORTHWICK PARK,HARROW-ON-THE-HILL,1.29,2.32,4.53,3.03,940GZZLUNKP,940GZZLUHOH
Metropolitan,Westbound,FINCHLEY ROAD,HARROW-ON-THE-HILL,11.63,11.02,11.0,11.0,940GZZLUFYR,940GZZLUHOH
Metropolitan,Westbound,HARROW-ON-THE-HILL,WEST HARROW,1.26,2.32,2.0,2.0,940GZZLUHOH,940GZZLUWHW
Metropolitan,Westbound,WEST HARROW,RAYNERS LANE,1.38,2.05,2.57,2.5,940GZZLUWHW,940GZZLURYL
Metropolitan,Westbound,RAYNERS LANE,EASTCOTE,1.72,2.23,2.52,2.5,940GZZLURYL,940GZZLUEAE
Metropolitan,Westbound,EASTCOTE,RUISLIP MANOR,1.14,1.82,2.02,2.0,940GZZLUEAE,940GZZLURSM
Metropolitan,Westbound,RUISLIP MANOR,RUISLIP,0.72,1.35,1.52,1.5,940GZZLURSM,940GZZLURSP
Metropolitan,Westbound,RUISLIP,ICKENHAM,1.85,2.57,2.6,2.5,940GZZLURSP,940GZZLUICK
Metropolitan,Westbound,ICKENHAM,HILLINGDON,1.08,1.75,2.0,2.0,940GZZLUICK,940GZZLUHGD
Metropolitan,Westbound,HILLINGDON,UXBRIDGE,2.03,4.08,4.02,3.54,940GZZLUHGD,940GZZLUUXB
Metropolitan,Westbound,HARROW-ON-THE-HILL,NORTH HARROW,2.0,3.18,3.0,3.0,940GZZLUHOH,940GZZLUNHA
Metropolitan,Westbound,NORTH HARROW,PINNER,1.48,2.0,2.5,2.5,940GZZLUNHA,940GZZLUPNR
Metropolitan,Westbound,PINNER,NORTHWOOD HILLS,2.08,2.6,2.5,2.5,940GZZLUPNR,940GZZLUNWH
Metropolitan,Westbound,NORTHWOOD HILLS,NORTHWOOD,1.61,2.23,2.5,2.5,940GZZLUNWH,940GZZLUNOW
Metropolitan,Westbound,NORTHWOOD,MOOR PARK,2.22,2.55,3.0,3.0,940GZZLUNOW,940GZZLUMPK
Metropolitan,Westbound,HARROW-ON-THE-HILL,MOOR PARK,9.39,9.03,9.5,9.5,940GZZLUHOH,940GZZLUMPK
Metropolitan,Westbound,MOOR PARK,CROXLEY,2.94,4.33,4.5,4.5,940GZZLUMPK,940GZZLUCXY
Metropolitan,Westbound,CROXLEY,WATFORD,1.9,3.6,3.6,3.5,940GZZLUCXY,940GZZLUWAF
Metropolitan,Westbound,MOOR PARK,RICKMANSWORTH,3.49,4.13,5.0,5.0,940GZZLUMPK,940GZZLURKW
Metropolitan,Westbound,RICKMANSWORTH,CHORLEYWOOD,3.38,4.03,4.0,4.0,940GZZLURKW,940GZZLUCYD
Metropolitan,Westbound,CHORLEYWOOD,CHALFONT & LATIMER,3.43,3.95,4.68,4.5,940GZZLUCYD,940GZZLUCAL
Metropolitan,Westbound,CHALFONT & LATIMER,CHESHAM,6.19,9.48,8.64,8.5,940GZZLUCAL,940GZZLUCSM
Metropolitan,Westbound,CHALFONT & LATIMER,AMERSHAM,3.27,4.07,4.0,4.0,940GZZLUCAL,940GZZLUAMS
Metropolitan,Eastbound,AMERSHAM,CHALFONT & LATIMER,3.27,3.65,4.0,4.0,940GZZLUAMS,940GZZLUCAL
Metropolitan,Eastbound,CHESHAM,CHALFONT & LATIMER,6.19,9.63,9.0,8.5,940GZZLUCSM,940GZZLUCAL
Metropolitan,Eastbound,CHALFONT & LATIMER,CHORLEYWOOD,3.43,3.68,4.0,4.0,940GZZLUCAL,940GZZLUCYD
Metropolitan,Eastbound,CHORLEYWOOD,RICKMANSWORTH,3.38,4.07,4.5,4.58,940GZZLUCYD,940GZZLURKW
Metropolitan,Eastbound,RICKMANSWORTH,MOOR PARK,3.49,3.78,4.5,4.5,940GZZLURKW,940GZZLUMPK
Metropolitan,Eastbound,WATFORD,CROXLEY,1.9,3.22,3.0,3.0,940GZZLUWAF,940GZZLUCXY
Metropolitan,Eastbound,CROXLEY,MOOR PARK,2.94,4.42,4.0,4.0,940GZZLUCXY,940GZZLUMPK
Metropolitan,Eastbound,MOOR PARK,NORTHWOOD,2.22,2.87,3.0,3.0,940GZZLUMPK,940GZZLUNOW
Metropolitan,Eastbound,NORTHWOOD,NORTHWOOD HILLS,1.61,2.2,2.5,2.5,940GZZLUNOW,940GZZLUNWH
Metropolitan,Eastbound,NORTHWOOD HILLS,PINNER,2.08,2.48,2.5,2.5,940GZZLUNWH,940GZZLUPNR
Metropolitan,Eastbound,PINNER,NORTH HARROW,1.48,2.08,2.85,2.5,940GZZLUPNR,940GZZLUNHA
Metropolitan,Eastbound,NORTH HARROW,HARROW-ON-THE-HILL,2.0,3.08,4.57,4.49,940GZZLUNHA,940GZZLUHOH
Metropolitan,Eastbound,MOOR PARK,HARROW-ON-THE-HILL,9.39,9.62,10.0,10.0,940GZZLUMPK,940GZZLUHOH
Metropolitan,Eastbound,UXBRIDGE,HILLINGDON,2.03,3.0,3.0,3.0,940GZZLUUXB,940GZZLUHGD
Metropolitan,Eastbound,HILLINGDON,ICKENHAM,1.08,1.73,2.0,2.0,940GZZLUHGD,940GZZLUICK
Metropolitan,Eastbound,ICKENHAM,RUISLIP,1.85,2.45,2.5,2.5,940GZZLUICK,940GZZLURSP
Metropolitan,Eastbound,RUISLIP,RUISLIP MANOR,0.72,1.45,1.5,1.5,940GZZLURSP,940GZZLURSM
Metropolitan,Eastbound,RUISLIP MANOR,EASTCOTE,1.14,1.82,2.0,2.0,940GZZLURSM,940GZZLUEAE
Metropolitan,Eastbound,EASTCOTE,RAYNERS LANE,1.72,2.33,3.0,3.0,940GZZLUEAE,940GZZLURYL
Metropolitan,Eastbound,RAYNERS LANE,WEST HARROW,1.38,2.08,2.0,2.0,940GZZLURYL,940GZZLUWHW
Metropolitan,Eastbound,WEST HARROW,HARROW-ON-THE-HILL,1.26,2.15,3.85,4.0,940GZZLUWHW,940GZZLUHOH
Metropolitan,Eastbound,HARROW-ON-THE-HILL,FINCHLEY ROAD,11.63,10.15,11.5,11.5,940GZZLUHOH,940GZZLUFYR
Metropolitan,Eastbound,HARROW-ON-THE-HILL,NORTHWICK PARK,1.29,1.9,2.0,2.0,940GZZLUHOH,940GZZLUNKP
Metropolitan,Eastbound,NORTHWICK PARK,PRESTON ROAD,1.64,2.05,2.35,2.0,940GZZLUNKP,940GZZLUPRD
Metropolitan,Eastbound,PRESTON ROAD,WEMBLEY PARK,1.46,1.98,2.55,2.53,940GZZLUPRD,940GZZLUWYP
Metropolitan,Eastbound,WEMBLEY PARK,FINCHLEY ROAD,7.24,7.0,7.32,7.52,940GZZLUWYP,940GZZLUFYR
Metropolitan,Eastbound,FINCHLEY ROAD,BAKER STREET (METROPOLITAN),3.38,6.13,7.11,6.4,940GZZLUFYR,
Metropolitan,Eastbound,BAKER STREET (METROPOLITAN),GREAT PORTLAND STREET,0.92,1.98,2.0,2.0,,940GZZLUGPS
Metropolitan,Eastbound,GREAT PORTLAND STREET,EUSTON SQUARE,0.61,1.25,1.5,1.5,940GZZLUGPS,940GZZLUESQ
Metropolitan,Eastbound,EUSTON SQUARE,KINGS CROSS ST PANCRAS,0.85,1.75,2.0,2.0,940GZZLUESQ,
Metropolitan,Eastbound,KINGS CROSS ST PANCRAS,FARRINGDON,1.85,2.98,3.5,3.5,,940GZZLUFCN
Metropolitan,Eastbound,FARRINGDON,BARBICAN,0.51,1.22,1.5,1.5,940GZZLUFCN,940GZZLUBBN
Metropolitan,Eastbound,BARBICAN,MOORGATE,0.63,1.32,1.5,1.5,940GZZLUBBN,940GZZLUMGT
Metropolitan,Eastbound,MOORGATE,LIVERPOOL STREET,0.51,1.18,1.99,1.53,940GZZLUMGT,940GZZLULVT
Metropolitan,Eastbound,LIVERPOOL STREET,ALDGATE,0.61,2.18,2.01,2.2,940GZZLULVT,940GZZLUALD
H & C,Eastbound,HAMMERSMITH (H&C),GOLDHAWK ROAD,0.82,2.05,2.0,2.0,,940GZZLUGHK
H & C,Eastbound,GOLDHAWK ROAD,SHEPHERDS BUSH,0.51,1.15,1.5,1.5,940GZZLUGHK,
H & C,Eastbound,SHEPHERDS BUSH,LATIMER ROAD,1.01,1.63,2.0,2.0,,940GZZLULRD
H & C,Eastbound,LATIMER ROAD,LADBROKE GROVE,0.66,1.37,1.5,1.5,940GZZLULRD,940GZZLULAD
H & C,Eastbound,LADBROKE GROVE,WESTBOURNE PARK,0.79,1.48,1.5,1.5,940GZZLULAD,940GZZLUWSP
H & C,Eastbound,WESTBOURNE PARK,ROYAL OAK,0.98,1.78,2.0,2.0,940GZZLUWSP,940GZZLURYO
H & C,Eastbound,ROYAL OAK,PADDINGTON (H&C),0.64,1.52,2.0,2.0,940GZZLURYO,
H & C,Eastbound,PADDINGTON (H&C),EDGWARE ROAD,0.93,2.33,3.71,3.72,,
H & C,Eastbound,EDGWARE ROAD,BAKER STREET ,0.72,1.47,2.84,2.5,,
H & C,Eastbound,BAKER STREET ,GREAT PORTLAND STREET,0.92,1.9,2.0,2.0,,940GZZLUGPS
H & C,Eastbound,GREAT PORTLAND STREET,EUSTON SQUARE,0.61,1.25,1.5,1.5,940GZZLUGPS,940GZZLUESQ
H & C,Eastbound,EUSTON SQUARE,KINGS CROSS ST PANCRAS,0.85,1.75,2.0,2.0,940GZZLUESQ,
H & C,Eastbound,KINGS CROSS ST PANCRAS,FARRINGDON,1.85,2.98,3.5,3.5,,940GZZLUFCN
H & C,Eastbound,FARRINGDON,BARBICAN,0.51,1.22,1.5,1.5,940GZZLUFCN,940GZZLUBBN
H & C,Eastbound,BARBICAN,MOORGATE,0.64,1.32,1.53,1.5,940GZZLUBBN,940GZZLUMGT
H & C,Eastbound,MOORGATE,LIVERPOOL STREET,0.51,1.18,1.95,1.51,940GZZLUMGT,940GZZLULVT
H & C,Eastbound,LIVERPOOL STREET,ALDGATE EAST,0.92,1.93,3.14,2.78,940GZZLULVT,940GZZLUADE
H & C,Eastbound,ALDGATE EAST,WHITECHAPEL,0.82,2.17,2.5,2.01,940GZZLUADE,940GZZLUWPL
H & C,Eastbound,WHITECHAPEL,STEPNEY GREEN,1.0,2.05,2.0,2.0,940GZZLUWPL,940GZZLUSGN
H & C,Eastbound,STEPNEY GREEN,MILE END,1.05,1.73,2.0,2.0,940GZZLUSGN,940GZZLUMED
H & C,Eastbound,MILE END,BOW ROAD,0.55,1.27,1.5,1.5,940GZZLUMED,940GZZLUBWR
H & C,Eastbound,BOW ROAD,BROMLEY BY BOW,1.01,2.12,2.0,2.0,940GZZLUBWR,
H & C,Eastbound,BROMLEY BY BOW,WEST HAM,1.37,2.0,2.0,2.0,,940GZZLUWHM
H & C,Eastbound,WEST HAM,PLAISTOW,0.76,1.43,2.26,2.04,940GZZLUWHM,940GZZLUPLW
H & C,Eastbound,PLAISTOW,UPTON PARK,1.29,1.97,2.0,2.0,940GZZLUPLW,940GZZLUUPK
H & C,Eastbound,UPTON PARK,EAST HAM,1.4,2.02,2.0,2.0,940GZZLUUPK,940GZZLUEHM
H & C,Eastbound,EAST HAM,BARKING,2.29,3.78,3.6,3.49,940GZZLUEHM,940GZZLUBKG
H & C,Westbound,BARKING,EAST HAM,2.29,2.87,3.0,3.0,940GZZLUBKG,940GZZLUEHM
H & C,Westbound,EAST HAM,UPTON PARK,1.4,2.0,2.5,2.5,940GZZLUEHM,940GZZLUUPK
H & C,Westbound,UPTON PARK,PLAISTOW,1.29,1.93,2.0,2.0,940GZZLUUPK,940GZZLUPLW
H & C,Westbound,PLAISTOW,WEST HAM,0.76,1.5,1.5,1.5,940GZZLUPLW,940GZZLUWHM
H & C,Westbound,WEST HAM,BROMLEY BY BOW,1.37,2.12,2.0,2.0,940GZZLUWHM,
H & C,Westbound,BROMLEY BY BOW,BOW ROAD,1.01,2.23,2.5,2.5,,940GZZLUBWR
H & C,Westbound,BOW ROAD,MILE END,0.55,1.27,1.5,1.5,940GZZLUBWR,940GZZLUMED
H & C,Westbound,MILE END,STEPNEY GREEN,1.05,1.72,2.0,2.0,940GZZLUMED,940GZZLUSGN
H & C,Westbound,STEPNEY GREEN,WHITECHAPEL,1.0,2.63,3.48,2.56,940GZZLUSGN,940GZZLUWPL
H & C,Westbound,WHITECHAPEL,ALDGATE EAST,0.82,2.18,2.45,2.06,940GZZLUWPL,940GZZLUADE
H & C,Westbound,ALDGATE EAST,LIVERPOOL STREET,0.92,2.12,3.02,3.88,940GZZLUADE,940GZZLULVT
H & C,Westbound,LIVERPOOL STREET,MOORGATE,0.51,1.32,1.5,1.5,940GZZLULVT,940GZZLUMGT
H & C,Westbound,MOORGATE,BARBICAN,0.64,1.38,1.5,1.5,940GZZLUMGT,940GZZLUBBN
H & C,Westbound,BARBICAN,FARRINGDON,0.51,1.2,1.92,1.51,940GZZLUBBN,940GZZLUFCN
H & C,Westbound,FARRINGDON,KINGS CROSS ST PANCRAS,1.85,3.12,3.5,3.5,940GZZLUFCN,
H & C,Westbound,KINGS CROSS ST PANCRAS,EUSTON SQUARE,0.85,1.65,2.0,2.0,,940GZZLUESQ
H & C,Westbound,EUSTON SQUARE,GREAT PORTLAND STREET,0.61,1.3,1.5,1.5,940GZZLUESQ,940GZZLUGPS
H & C,Westbound,GREAT PORTLAND STREET,BAKER STREET ,0.92,1.57,2.9,2.07,940GZZLUGPS,
H & C,Westbound,BAKER STREET ,EDGWARE ROAD,0.72,1.88,3.6,3.08,,
H & C,Westbound,EDGWARE ROAD,PADDINGTON (H&C),0.93,2.08,2.0,2.0,,
H & C,Westbound,PADDINGTON (H&C),ROYAL OAK,0.64,1.33,1.5,1.5,,940GZZLURYO
H & C,Westbound,ROYAL OAK,WESTBOURNE PARK,0.98,1.72,2.0,2.0,940GZZLURYO,940GZZLUWSP
H & C,Westbound,WESTBOURNE PARK,LADBROKE GROVE,0.79,1.48,1.5,1.5,940GZZLUWSP,940GZZLULAD
H & C,Westbound,LADBROKE GROVE,LATIMER ROAD,0.66,1.28,1.5,1.5,940GZZLULAD,940GZZLULRD
H & C,Westbound,LATIMER ROAD,SHEPHERDS BUSH,1.01,1.7,2.0,2.0,940GZZLULRD,
H & C,Westbound,SHEPHERDS BUSH,GOLDHAWK ROAD,0.51,1.15,1.0,1.0,,940GZZLUGHK
H & C,Westbound,GOLDHAWK ROAD,HAMMERSMITH (H&C),0.82,2.43,3.07,3.03,940GZZLUGHK,
Circle ,Inner,EDGWARE ROAD,PADDINGTON (CIRCLE),0.82,1.85,2.0,2.0,,
Circle ,Inner,PADDINGTON (CIRCLE),BAYSWATER,0.98,1.65,2.0,2.0,,940GZZLUBWT
Circle ,Inner,BAYSWATER,NOTTING HILL GATE,0.79,1.47,2.0,2.0,940GZZLUBWT,940GZZLUNHG
Circle ,Inner,NOTTING HILL GATE,HIGH STREET KENSINGTON,0.93,1.58,3.57,3.36,940GZZLUNHG,940GZZLUHSK
Circle ,Inner,HIGH STREET KENSINGTON,GLOUCESTER ROAD,0.93,1.8,2.66,2.9,940GZZLUHSK,940GZZLUGTR
Circle ,Inner,GLOUCESTER ROAD,SOUTH KENSINGTON,0.74,1.43,1.5,1.5,940GZZLUGTR,940GZZLUSKS
Circle ,Inner,SOUTH KENSINGTON,SLOANE SQUARE,1.22,1.98,2.0,2.0,940GZZLUSKS,940GZZLUSSQ
Circle ,Inner,SLOANE SQUARE,VICTORIA,1.05,1.8,2.0,2.0,940GZZLUSSQ,940GZZLUVIC
Circle ,Inner,VICTORIA,ST JAMES PARK,0.72,1.42,1.5,1.5,940GZZLUVIC,
Circle ,Inner,ST JAMES PARK,WESTMINSTER,0.76,1.5,2.0,2.0,,940GZZLUWSM
Circle ,Inner,WESTMINSTER,EMBANKMENT,0.69,1.37,2.0,2.0,940GZZLUWSM,940GZZLUEMB
Circle ,Inner,EMBANKMENT,TEMPLE,0.71,1.37,2.0,2.0,940GZZLUEMB,940GZZLUTMP
Circle ,Inner,TEMPLE,BLACKFRIARS,0.76,1.4,2.0,2.0,940GZZLUTMP,940GZZLUBKF
Circle ,Inner,BLACKFRIARS,MANSION HOUSE,0.61,1.52,1.95,1.52,940GZZLUBKF,940GZZLUMSH
Circle ,Inner,MANSION HOUSE,CANNON STREET,0.31,0.98,1.0,1.0,940GZZLUMSH,940GZZLUCST
Circle ,Inner,CANNON STREET,MONUMENT,0.34,0.97,1.5,1.5,940GZZLUCST,940GZZLUMMT
Circle ,Inner,MONUMENT,TOWER HILL,0.68,1.8,2.0,2.07,940GZZLUMMT,940GZZLUTWH
Circle ,Inner,TOWER HILL,ALDGATE,0.5,1.3,4.05,3.18,940GZZLUTWH,940GZZLUALD
Circle ,Inner,ALDGATE,LIVERPOOL STREET,0.61,1.75,2.0,2.42,940GZZLUALD,940GZZLULVT
Circle ,Inner,LIVERPOOL STREET,MOORGATE,0.51,1.32,1.5,1.5,940GZZLULVT,940GZZLUMGT
Circle ,Inner,MOORGATE,BARBICAN,0.64,1.38,1.5,1.5,940GZZLUMGT,940GZZLUBBN
Circle ,Inner,BARBICAN,FARRINGDON,0.51,1.2,1.92,1.51,940GZZLUBBN,940GZZLUFCN
Circle ,Inner,FARRINGDON,KINGS CROSS ST PANCRAS,1.85,3.12,3.5,3.5,940GZZLUFCN,
Circle ,Inner,KINGS CROSS ST PANCRAS,EUSTON SQUARE,0.85,1.65,2.0,2.0,,940GZZLUESQ
Circle ,Inner,EUSTON SQUARE,GREAT PORTLAND STREET,0.61,1.3,1.5,1.5,940GZZLUESQ,940GZZLUGPS
Circle ,Inner,GREAT PORTLAND STREET,BAKER STREET (CIRCLE),0.92,1.57,2.9,2.07,940GZZLUGPS,
Circle ,Inner,BAKER STREET ,EDGWARE ROAD,0.72,1.88,3.6,3.08,,
Circle ,Outer,EDGWARE ROAD,BAKER STREET ,0.72,1.47,2.84,2.5,,
Circle ,Outer,BAKER STREET ,GREAT PORTLAND STREET,0.92,1.9,2.0,2.0,,940GZZLUGPS
Circle ,Outer,GREAT PORTLAND STREET,EUSTON SQUARE,0.61,1.25,1.5,1.5,940GZZLUGPS,940GZZLUESQ
Circle ,Outer,EUSTON SQUARE,KINGS CROSS ST PANCRAS,0.85,1.75,2.0,2.0,940GZZLUESQ,
Circle ,Outer,KINGS CROSS ST PANCRAS,FARRINGDON,1.85,2.98,3.5,3.5,,940GZZLUFCN
Circle ,Outer,FARRINGDON,BARBICAN,0.51,1.22,1.5,1.5,940GZZLUFCN,940GZZLUBBN
Circle ,Outer,BARBICAN,MOORGATE,0.64,1.32,1.53,1.5,940GZZLUBBN,940GZZLUMGT
Circle ,Outer,MOORGATE,LIVERPOOL STREET,0.51,1.18,1.95,1.51,940GZZLUMGT,940GZZLULVT
Circle ,Outer,LIVERPOOL STREET,ALDGATE,0.61,2.18,2.55,2.51,940GZZLULVT,940GZZLUALD
Circle ,Outer,ALDGATE,TOWER HILL,0.5,1.37,2.02,2.1,940GZZLUALD,940GZZLUTWH
Circle ,Outer,TOWER HILL,MONUMENT,0.68,1.48,1.5,1.5,940GZZLUTWH,940GZZLUMMT
Circle ,Outer,MONUMENT,CANNON STREET,0.34,0.88,1.0,1.0,940GZZLUMMT,940GZZLUCST
Circle ,Outer,CANNON STREET,MANSION HOUSE,0.31,0.93,1.5,1.5,940GZZLUCST,940GZZLUMSH
Circle ,Outer,MANSION HOUSE,BLACKFRIARS,0.61,1.22,1.52,1.5,940GZZLUMSH,940GZZLUBKF
Circle ,Outer,BLACKFRIARS,TEMPLE,0.76,1.37,1.5,1.5,940GZZLUBKF,940GZZLUTMP
Circle ,Outer,TEMPLE,EMBANKMENT,0.71,1.43,2.0,2.01,940GZZLUTMP,940GZZLUEMB
Circle ,Outer,EMBANKMENT,WESTMINSTER,0.69,1.4,1.5,1.5,940GZZLUEMB,940GZZLUWSM
Circle ,Outer,WESTMINSTER,ST JAMES PARK,0.76,1.52,1.5,1.5,940GZZLUWSM,
Circle ,Outer,ST JAMES PARK,VICTORIA,0.72,1.33,2.0,2.0,,940GZZLUVIC
Circle ,Outer,VICTORIA,SLOANE SQUARE,1.05,1.75,2.0,2.0,940GZZLUVIC,940GZZLUSSQ
Circle ,Outer,SLOANE SQUARE,SOUTH KENSINGTON,1.22,2.0,2.98,2.5,940GZZLUSSQ,940GZZLUSKS
Circle ,Outer,SOUTH KENSINGTON,GLOUCESTER ROAD,0.74,1.48,2.02,2.54,940GZZLUSKS,940GZZLUGTR
Circle ,Outer,GLOUCESTER ROAD,HIGH STREET KENSINGTON,0.93,2.23,3.98,2.92,940GZZLUGTR,940GZZLUHSK
Circle ,Outer,HIGH STREET KENSINGTON,NOTTING HILL GATE,0.93,1.68,2.0,2.0,940GZZLUHSK,940GZZLUNHG
Circle ,Outer,NOTTING HILL GATE,BAYSWATER,0.79,1.77,2.0,2.0,940GZZLUNHG,940GZZLUBWT
Circle ,Outer,BAYSWATER,PADDINGTON (CIRCLE),0.98,1.63,2.45,2.01,940GZZLUBWT,
Circle ,Outer,PADDINGTON (CIRCLE),EDGWARE ROAD,0.82,2.15,3.71,3.72,,
District,Westbound,UPMINSTER,UPMINSTER BRIDGE,1.24,2.08,2.0,2.03,940GZZLUUPM,940GZZLUUPB
District,Westbound,UPMINSTER BRIDGE,HORNCHURCH,1.26,1.78,2.0,2.0,940GZZLUUPB,940GZZLUHCH
District,Westbound,HORNCHURCH,ELM PARK,1.5,1.98,2.5,2.5,940GZZLUHCH,940GZZLUEPK
District,Westbound,ELM PARK,DAGENHAM EAST,2.37,2.77,3.07,3.18,940GZZLUEPK,940GZZLUDGE
District,Westbound,DAGENHAM EAST,DAGENHAM HEATHWAY,1.35,1.83,2.0,2.0,940GZZLUDGE,940GZZLUDGY
District,Westbound,DAGENHAM HEATHWAY,BECONTREE,1.37,1.88,2.5,2.5,940GZZLUDGY,940GZZLUBEC
District,Westbound,BECONTREE,UPNEY,1.87,2.33,2.5,2.5,940GZZLUBEC,940GZZLUUPY
District,Westbound,UPNEY,BARKING,1.38,1.92,2.66,3.82,940GZZLUUPY,940GZZLUBKG
District,Westbound,BARKING,EAST HAM,2.29,2.87,3.0,3.0,940GZZLUBKG,940GZZLUEHM
District,Westbound,EAST HAM,UPTON PARK,1.4,2.0,2.5,2.5,940GZZLUEHM,940GZZLUUPK
District,Westbound,UPTON PARK,PLAISTOW,1.29,1.93,2.0,2.01,940GZZLUUPK,940GZZLUPLW
District,Westbound,PLAISTOW,WEST HAM,0.76,1.5,1.5,1.5,940GZZLUPLW,940GZZLUWHM
District,Westbound,WEST HAM,BROMLEY BY BOW,1.37,2.12,2.0,2.0,940GZZLUWHM,
District,Westbound,BROMLEY BY BOW,BOW ROAD,1.01,2.23,2.5,2.5,,940GZZLUBWR
District,Westbound,BOW ROAD,MILE END,0.55,1.27,1.5,1.5,940GZZLUBWR,940GZZLUMED
District,Westbound,MILE END,STEPNEY GREEN,1.05,1.72,2.0,2.0,940GZZLUMED,940GZZLUSGN
District,Westbound,STEPNEY GREEN,WHITECHAPEL,1.0,2.63,3.54,3.51,940GZZLUSGN,940GZZLUWPL
District,Westbound,WHITECHAPEL,ALDGATE EAST,0.82,2.18,2.46,2.05,940GZZLUWPL,940GZZLUADE
District,Westbound,ALDGATE EAST,TOWER HILL,0.8,1.87,3.03,3.65,940GZZLUADE,940GZZLUTWH
District,Westbound,TOWER HILL,MONUMENT,0.68,1.48,1.5,1.5,940GZZLUTWH,940GZZLUMMT
District,Westbound,MONUMENT,CANNON STREET,0.34,0.88,1.0,1.0,940GZZLUMMT,940GZZLUCST
District,Westbound,CANNON STREET,MANSION HOUSE,0.31,0.93,1.5,1.5,940GZZLUCST,940GZZLUMSH
District,Westbound,MANSION HOUSE,BLACKFRIARS,0.61,1.22,1.5,1.5,940GZZLUMSH,940GZZLUBKF
District,Westbound,BLACKFRIARS,TEMPLE,0.76,1.37,1.5,1.5,940GZZLUBKF,940GZZLUTMP
District,Westbound,TEMPLE,EMBANKMENT,0.71,1.43,2.0,2.0,940GZZLUTMP,940GZZLUEMB
District,Westbound,EMBANKMENT,WESTMINSTER,0.69,1.4,1.5,1.5,940GZZLUEMB,940GZZLUWSM
District,Westbound,WESTMINSTER,ST JAMES PARK,0.76,1.52,1.5,1.5,940GZZLUWSM,
District,Westbound,ST JAMES PARK,VICTORIA,0.72,1.33,2.0,2.0,,940GZZLUVIC
District,Westbound,VICTORIA,SLOANE SQUARE,1.05,1.75,2.0,2.0,940GZZLUVIC,940GZZLUSSQ
District,Westbound,SLOANE SQUARE,SOUTH KENSINGTON,1.22,2.0,3.0,2.5,940GZZLUSSQ,940GZZLUSKS
District,Westbound,SOUTH KENSINGTON,GLOUCESTER ROAD,0.74,1.48,2.0,2.01,940GZZLUSKS,940GZZLUGTR
District,Westbound,GLOUCESTER ROAD,EARLS COURT,0.93,1.82,3.04,3.59,940GZZLUGTR,
District,Westbound,EDGWARE ROAD,PADDINGTON (CIRCLE),0.82,1.85,2.0,2.0,,
District,Westbound,PADDINGTON (CIRCLE),BAYSWATER,0.98,1.65,2.0,2.0,,940GZZLUBWT
District,Westbound,BAYSWATER,NOTTING HILL GATE,0.79,1.47,2.0,2.0,940GZZLUBWT,940GZZLUNHG
District,Westbound,NOTTING HILL GATE,HIGH STREET KENSINGTON,0.93,1.58,3.28,3.36,940GZZLUNHG,940GZZLUHSK
District,Westbound,HIGH STREET KENSINGTON,EARLS COURT,1.26,2.72,4.11,3.82,940GZZLUHSK,
District,Westbound,EARLS COURT,KENSINGTON (OLYMPIA),1.54,3.08,3.0,3.0,,940GZZLUKOY
District,Westbound,EARLS COURT,WEST BROMPTON,0.6,1.42,1.5,1.5,,940GZZLUWBN
District,Westbound,WEST BROMPTON,FULHAM BROADWAY,0.84,1.55,1.5,1.5,940GZZLUWBN,940GZZLUFBY
District,Westbound,FULHAM BROADWAY,PARSONS GREEN,0.79,1.5,2.0,2.0,940GZZLUFBY,940GZZLUPSG
District,Westbound,PARSONS GREEN,PUTNEY BRIDGE,0.95,2.32,2.5,2.5,940GZZLUPSG,940GZZLUPYB
District,Westbound,PUTNEY BRIDGE,EAST PUTNEY,1.11,2.18,2.0,2.0,940GZZLUPYB,940GZZLUEPY
District,Westbound,EAST PUTNEY,SOUTHFIELDS,1.53,2.35,2.5,2.5,940GZZLUEPY,940GZZLUSFS
District,Westbound,SOUTHFIELDS,WIMBLEDON PARK,1.45,2.05,2.5,2.51,940GZZLUSFS,940GZZLUWIP
District,Westbound,WIMBLEDON PARK,WIMBLEDON,1.5,3.5,3.02,3.08,940GZZLUWIP,940GZZLUWIM
District,Westbound,EARLS COURT,WEST KENSINGTON,0.9,1.62,2.0,2.0,,940GZZLUWKN
District,Westbound,WEST KENSINGTON,BARONS COURT,0.64,1.32,1.5,1.5,940GZZLUWKN,940GZZLUBSC
District,Westbound,BARONS COURT,HAMMERSMITH (DISTRICT),0.68,1.33,1.5,1.5,940GZZLUBSC,
District,Westbound,HAMMERSMITH (DISTRICT),RAVENSCOURT PARK,0.93,1.63,2.0,2.0,,940GZZLURVP
District,Westbound,RAVENSCOURT PARK,STAMFORD BROOK,0.77,1.37,1.5,1.5,940GZZLURVP,940GZZLUSFB
District,Westbound,STAMFORD BROOK,TURNHAM GREEN,0.55,1.17,1.97,1.58,940GZZLUSFB,940GZZLUTNG
District,Westbound,TURNHAM GREEN,CHISWICK PARK,0.95,1.58,2.0,2.0,940GZZLUTNG,940GZZLUCWP
District,Westbound,CHISWICK PARK,ACTON TOWN,1.22,1.83,2.63,2.06,940GZZLUCWP,940GZZLUACT
District,Westbound,ACTON TOWN,EALING COMMON,1.03,1.5,2.0,2.0,940GZZLUACT,940GZZLUECM
District,Westbound,EALING COMMON,EALING BROADWAY,1.5,3.5,3.5,3.54,940GZZLUECM,940GZZLUEBY
District,Westbound,TURNHAM GREEN,GUNNERSBURY,1.59,2.28,3.15,3.0,940GZZLUTNG,940GZZLUGBY
District,Westbound,GUNNERSBURY,KEW GARDENS,1.71,2.43,2.5,2.5,940GZZLUGBY,940GZZLUKWG
District,Westbound,KEW GARDENS,RICHMOND,2.14,4.1,3.57,3.5,940GZZLUKWG,940GZZLURMD
District,Eastbound,EALING BROADWAY,EALING COMMON,1.5,2.67,3.0,3.0,940GZZLUEBY,940GZZLUECM
District,Eastbound,EALING COMMON,ACTON TOWN,1.03,1.9,3.26,2.96,940GZZLUECM,940GZZLUACT
District,Eastbound,ACTON TOWN,CHISWICK PARK,1.22,1.8,2.0,2.0,940GZZLUACT,940GZZLUCWP
District,Eastbound,CHISWICK PARK,TURNHAM GREEN,0.95,1.48,2.07,2.09,940GZZLUCWP,940GZZLUTNG
District,Eastbound,TURNHAM GREEN,STAMFORD BROOK,0.55,1.15,1.5,1.5,940GZZLUTNG,940GZZLUSFB
District,Eastbound,STAMFORD BROOK,RAVENSCOURT PARK,0.77,1.4,1.5,1.5,940GZZLUSFB,940GZZLURVP
District,Eastbound,RAVENSCOURT PARK,HAMMERSMITH (DISTRICT),0.93,1.85,2.0,2.0,940GZZLURVP,
District,Eastbound,HAMMERSMITH (DISTRICT),BARONS COURT,0.68,1.43,2.0,2.0,,940GZZLUBSC
District,Eastbound,BARONS COURT,WEST KENSINGTON,0.64,1.28,1.5,1.5,940GZZLUBSC,940GZZLUWKN
District,Eastbound,WEST KENSINGTON,EARLS COURT,0.9,2.17,2.63,3.3,940GZZLUWKN,
District,Eastbound,RICHMOND,KEW GARDENS,2.14,3.1,3.02,3.0,940GZZLURMD,940GZZLUKWG
District,Eastbound,KEW GARDENS,GUNNERSBURY,1.71,2.42,3.0,3.0,940GZZLUKWG,940GZZLUGBY
District,Eastbound,GUNNERSBURY,TURNHAM GREEN,1.59,2.6,4.02,3.67,940GZZLUGBY,940GZZLUTNG
District,Eastbound,WIMBLEDON,WIMBLEDON PARK,1.5,2.82,3.0,3.0,940GZZLUWIM,940GZZLUWIP
District,Eastbound,WIMBLEDON PARK,SOUTHFIELDS,1.45,2.18,2.0,2.0,940GZZLUWIP,940GZZLUSFS
District,Eastbound,SOUTHFIELDS,EAST PUTNEY,1.53,2.37,2.5,2.5,940GZZLUSFS,940GZZLUEPY
District,Eastbound,EAST PUTNEY,PUTNEY BRIDGE,1.11,1.85,2.0,2.0,940GZZLUEPY,940GZZLUPYB
District,Eastbound,PUTNEY BRIDGE,PARSONS GREEN,0.95,1.92,2.0,2.0,940GZZLUPYB,940GZZLUPSG
District,Eastbound,PARSONS GREEN,FULHAM BROADWAY,0.79,1.48,2.0,2.0,940GZZLUPSG,940GZZLUFBY
District,Eastbound,FULHAM BROADWAY,WEST BROMPTON,0.84,1.57,1.5,1.5,940GZZLUFBY,940GZZLUWBN
District,Eastbound,WEST BROMPTON,EARLS COURT,0.6,1.42,3.44,3.24,940GZZLUWBN,
District,Eastbound,KENSINGTON (OLYMPIA),EARLS COURT,1.54,2.73,3.65,3.94,940GZZLUKOY,
District,Eastbound,EARLS COURT,HIGH STREET KENSINGTON,1.26,3.05,3.58,3.12,,940GZZLUHSK
District,Eastbound,HIGH STREET KENSINGTON,NOTTING HILL GATE,0.93,1.68,2.0,2.0,940GZZLUHSK,940GZZLUNHG
District,Eastbound,NOTTING HILL GATE,BAYSWATER,0.79,1.77,2.0,2.0,940GZZLUNHG,940GZZLUBWT
District,Eastbound,BAYSWATER,PADDINGTON (DIS),0.98,1.63,2.45,2.01,940GZZLUBWT,
District,Eastbound,PADDINGTON (DIS),EDGWARE ROAD,0.82,2.15,2.5,2.5,,
District,Eastbound,EARLS COURT,GLOUCESTER ROAD,0.93,1.92,2.53,2.65,,940GZZLUGTR
District,Eastbound,GLOUCESTER ROAD,SOUTH KENSINGTON,0.74,1.43,1.5,1.5,940GZZLUGTR,940GZZLUSKS
District,Eastbound,SOUTH KENSINGTON,SLOANE SQUARE,1.22,1.98,2.0,2.0,940GZZLUSKS,940GZZLUSSQ
District,Eastbound,SLOANE SQUARE,VICTORIA,1.05,1.8,2.0,2.0,940GZZLUSSQ,940GZZLUVIC
District,Eastbound,VICTORIA,ST JAMES PARK,0.72,1.42,1.5,1.5,940GZZLUVIC,
District,Eastbound,ST JAMES PARK,WESTMINSTER,0.76,1.5,2.0,2.0,,940GZZLUWSM
District,Eastbound,WESTMINSTER,EMBANKMENT,0.69,1.37,2.0,2.0,940GZZLUWSM,940GZZLUEMB
District,Eastbound,EMBANKMENT,TEMPLE,0.71,1.37,2.0,2.0,940GZZLUEMB,940GZZLUTMP
District,Eastbound,TEMPLE,BLACKFRIARS,0.76,1.4,2.0,2.0,940GZZLUTMP,940GZZLUBKF
District,Eastbound,BLACKFRIARS,MANSION HOUSE,0.61,1.52,1.98,1.52,940GZZLUBKF,940GZZLUMSH
District,Eastbound,MANSION HOUSE,CANNON STREET,0.31,0.98,1.0,1.0,940GZZLUMSH,940GZZLUCST
District,Eastbound,CANNON STREET,MONUMENT,0.34,0.97,1.5,1.5,940GZZLUCST,940GZZLUMMT
District,Eastbound,MONUMENT,TOWER HILL,0.68,1.8,2.08,2.43,940GZZLUMMT,940GZZLUTWH
District,Eastbound,TOWER HILL,ALDGATE EAST,0.8,1.88,2.91,2.21,940GZZLUTWH,940GZZLUADE
District,Eastbound,ALDGATE EAST,WHITECHAPEL,0.82,2.17,2.72,2.76,940GZZLUADE,940GZZLUWPL
District,Eastbound,WHITECHAPEL,STEPNEY GREEN,1.0,2.05,2.0,2.0,940GZZLUWPL,940GZZLUSGN
District,Eastbound,STEPNEY GREEN,MILE END,1.05,1.73,2.0,2.0,940GZZLUSGN,940GZZLUMED
District,Eastbound,MILE END,BOW ROAD,0.55,1.27,1.51,1.5,940GZZLUMED,940GZZLUBWR
District,Eastbound,BOW ROAD,BROMLEY BY BOW,1.01,2.12,2.0,2.0,940GZZLUBWR,
District,Eastbound,BROMLEY BY BOW,WEST HAM,1.37,2.0,2.0,2.0,,940GZZLUWHM
District,Eastbound,WEST HAM,PLAISTOW,0.76,1.43,2.04,2.0,940GZZLUWHM,940GZZLUPLW
District,Eastbound,PLAISTOW,UPTON PARK,1.29,1.97,2.0,2.0,940GZZLUPLW,940GZZLUUPK
District,Eastbound,UPTON PARK,EAST HAM,1.4,2.02,2.0,2.0,940GZZLUUPK,940GZZLUEHM
District,Eastbound,EAST HAM,BARKING,2.29,3.78,3.9,4.06,940GZZLUEHM,940GZZLUBKG
District,Eastbound,BARKING,UPNEY,1.38,1.97,2.05,2.01,940GZZLUBKG,940GZZLUUPY
District,Eastbound,UPNEY,BECONTREE,1.87,2.33,2.5,2.51,940GZZLUUPY,940GZZLUBEC
District,Eastbound,BECONTREE,DAGENHAM HEATHWAY,1.37,1.88,2.5,2.51,940GZZLUBEC,940GZZLUDGY
District,Eastbound,DAGENHAM HEATHWAY,DAGENHAM EAST,1.35,1.85,2.22,2.3,940GZZLUDGY,940GZZLUDGE
District,Eastbound,DAGENHAM EAST,ELM PARK,2.37,2.85,3.0,3.0,940GZZLUDGE,940GZZLUEPK
District,Eastbound,ELM PARK,HORNCHURCH,1.5,2.05,2.5,2.5,940GZZLUEPK,940GZZLUHCH
District,Eastbound,HORNCHURCH,UPMINSTER BRIDGE,1.26,1.77,2.0,2.0,940GZZLUHCH,940GZZLUUPB
District,Eastbound,UPMINSTER BRIDGE,UPMINSTER,1.24,2.32,2.03,2.01,940GZZLUUPB,940GZZLUUPM
East London ,Northbound,NEW CROSS,SURREY QUAYS,2.27,3.62,4.0,4.0,,
East London ,Northbound,NEW CROSS GATE,SURREY QUAYS,2.04,2.8,3.5,3.5,,
East London ,Northbound,SURREY QUAYS,CANADA WATER,0.55,1.47,1.5,1.5,,940GZZLUCWR
East London ,Northbound,CANADA WATER,ROTHERHITHE,0.32,0.85,1.0,1.0,940GZZLUCWR,
East London ,Northbound,ROTHERHITHE,WAPPING,0.51,1.17,1.5,1.5,,
East London ,Northbound,WAPPING,SHADWELL,0.77,1.43,1.5,1.5,,
East London ,Northbound,SHADWELL,WHITECHAPEL,0.98,1.98,2.5,2.17,,940GZZLUWPL
East London ,Northbound,WHITECHAPEL,SHOREDITCH,0.72,1.85,2.0,2.0,940GZZLUWPL,
East London ,Southbound,SHOREDITCH,WHITECHAPEL,0.72,1.6,2.0,2.0,,940GZZLUWPL
East London ,Southbound,WHITECHAPEL,SHADWELL,0.98,1.82,2.0,2.0,940GZZLUWPL,
East London ,Southbound,SHADWELL,WAPPING,0.77,1.3,1.5,1.5,,
East London ,Southbound,WAPPING,ROTHERHITHE,0.51,1.17,1.5,1.5,,
East London ,Southbound,ROTHERHITHE,CANADA WATER,0.32,0.93,1.0,1.0,,940GZZLUCWR
East London ,Southbound,CANADA WATER,SURREY QUAYS,0.55,1.7,2.0,2.09,940GZZLUCWR,
East London ,Southbound,SURREY QUAYS,NEW CROSS,2.27,4.27,4.5,4.5,,
East London ,Southbound,SURREY QUAYS,NEW CROSS GATE,2.04,3.88,3.5,3.5,,
,,,,,,,,,
,,,,,,,,,
DLR,Eastbound,BANK,SHADWELL,2.28,,,,940GZZLUBNK,
DLR,Eastbound,TOWER GATEWAY,SHADWELL,1.01,,,,,
DLR,Eastbound,SHADELL,LIMEHOUSE,1.03,,,,,
DLR,Eastbound,LIMEHOUSE,WESTFERRY,0.86,,,,,
DLR,Eastbound,WESTFERRY,POPLAR,0.64,,,,,
DLR,Eastbound,WESTFERRY,CANARY WHARF,0.71,,,,,940GZZLUCYF
DLR,Eastbound,POPLAR,BLACKWALL,0.59,,,,,
DLR,Eastbound,BLACKWALL,EAST INDIA,0.3,,,,,
DLR,Eastbound,EAST INDIA,CANNING TOWN,1.0,,,,,940GZZLUCGT
DLR,Eastbound,CANNING TOWN,ROYAL VICTORIA,0.88,,,,940GZZLUCGT,
DLR,Eastbound,ROYAL VICTORIA,CUSTOM HOUSE,0.48,,,,,
DLR,Eastbound,CUSTOM HOUSE,PRINCE REGENT,0.43,,,,,
DLR,Eastbound,PRINCE REGENT,ROYAL ALBERT,0.85,,,,,
DLR,Eastbound,ROYAL ALBERT,BECKTON PARK,0.57,,,,,
DLR,Eastbound,BECKTON PARK,CYPRUS,0.54,,,,,
DLR,Eastbound,CYPRUS,GALLIONS REACH,0.65,,,,,
DLR,Eastbound,GALLIONS REACH,BECKTON,1.08,,,,,
DLR,Eastbound,CANNING TOWN,WEST SILVERTOWN,1.57,,,,940GZZLUCGT,
DLR,Eastbound,WEST SILVERTOWN,PONTOON DOCK,0.68,,,,,
DLR,Eastbound,PONTOON DOCK,LONDON CITY AIRPORT,1.02,,,,,
DLR,Eastbound,LONDON CITY AIRPORT,KING GEORGE V,0.95,,,,,
DLR,Eastbound,KING GEORGE V,WOOLWICH ARSENAL,2.36,,,,,
,,,,,,,,,
DLR,Westbound,WOOLWICH ARSENAL,KING GEORGE V,2.3,,,,,
DLR,Westbound,KING GEORGE V,LONDON CITY AIRPORT,0.95,,,,,
DLR,Westbound,LONDON CITY AIRPORT,PONTOON DOCK,1.01,,,,,
DLR,Westbound,PONTOON DOCK,WEST SILVERTOWN,0.69,,,,,
DLR,Westbound,WEST SILVERTOWN,CANNING TOWN,1.58,,,,,940GZZLUCGT
DLR,Westbound,BECKTON,GALLIONS REACH,1.09,,,,,
DLR,Westbound,GALLIONS REACH,CYPRUS,0.66,,,,,
DLR,Westbound,CYPRUS,BECKTON PARK,0.54,,,,,
DLR,Westbound,BECKTON PARK,ROYAL ALBERT,0.56,,,,,
DLR,Westbound,ROYAL ALBERT,PRINCE REGENT,0.85,,,,,
DLR,Westbound,PRINCE REGENT,CUSTOM HOUSE,0.41,,,,,
DLR,Westbound,CUSTOM HOUSE,ROYAL VICTORIA,0.49,,,,,
DLR,Westbound,ROYAL VICTORIA,CANNING TOWN,0.89,,,,,940GZZLUCGT
DLR,Westbound,CANNING TOWN,EAST INDIA,0.99,,,,940GZZLUCGT,
DLR,Westbound,EAST INDIA,BLACKWALL,0.3,,,,,
DLR,Westbound,BLACKWALL,POPLAR,0.59,,,,,
DLR,Westbound,WEST INDIA QUAY,WESTFERRY,0.49,,,,,
DLR,Westbound,POPLAR,WESTFERRY,0.65,,,,,
DLR,Westbound,WESTFERRY,LIMEHOUSE,0.86,,,,,
DLR,Westbound,LIMEHOUSE,SHADELL,1.03,,,,,
DLR,Westbound,SHADWELL,TOWER GATEWAY,1.15,,,,,
DLR,Westbound,SHADWELL,BANK,2.26,,,,,940GZZLUBNK
,,,,,,,,,
DLR,Northbound,LEWISHAM,ELVERSON ROAD,0.33,,,,,
DLR,Northbound,ELVERSON ROAD,DEPTFORD BRIDGE,0.72,,,,,
DLR,Northbound,DEPTFORD BRIDGE,GREENWICH,0.66,,,,,
DLR,Northbound,GREENWICH,CUTTY SARK,0.59,,,,,
DLR,Northbound,CUTTY SARK,ISLAND GARDENS,0.68,,,,,
DLR,Northbound,ISLAND GARDENS,MUDCHUTE,0.38,,,,,
DLR,Northbound,MUDCHUTE,CROSSHARBOUR,0.39,,,,,
DLR,Northbound,CROSSHARBOUR,SOUTH QUAY,0.5,,,,,
DLR,Northbound,SOUTH QUAY,HERON QUAYS,0.5,,,,,
DLR,Northbound,HERON QUAYS,CANARY WHARF,0.15,,,,,940GZZLUCYF
DLR,Northbound,CANARY WHARF,WEST INDIA QUAY,0.09,,,,940GZZLUCYF,
DLR,Northbound,WEST INDIA QUAY,POPLAR,0.24,,,,,
DLR,Northbound,POPLAR,ALL SAINTS,0.6,,,,,
DLR,Northbound,ALL SAINTS,LANGDON PARK,0.44,,,,,
DLR,Northbound,LANGDON PARK,DEVONS ROAD,0.72,,,,,
DLR,Northbound,DEVONS ROAD,BOW CHURCH,0.53,,,,,
DLR,Northbound,BOW CHURCH,PUDDING MILL LANE,0.94,,,,,
DLR,Northbound,PUDDING MILL LANE,STRATFORD,0.89,,,,,940GZZLUSTD
DLR,Northbound,CANNING TOWN,STAR LANE,0.7,,,,940GZZLUCGT,
DLR,Northbound,STAR LANE,WEST HAM,0.69,,,,,940GZZLUWHM
DLR,Northbound,WEST HAM,ABBEY ROAD,0.5,,,,940GZZLUWHM,
DLR,Northbound,ABBEY ROAD,STRATFORD HIGH STREET,0.53,,,,,
DLR,Northbound,STRATFORD HIGH STREET,STRATFORD,0.35,,,,,940GZZLUSTD
DLR,Northbound,STRATFORD,STRATFORD INTERNATIONAL,1.24,,,,940GZZLUSTD,
,,,,,,,,,
DLR,Southbound,STRATFORD INTERNATIONAL,STRATFORD,1.23,,,,,940GZZLUSTD
DLR,Southbound,STRATFORD,STRATFORD HIGH STREET,0.35,,,,940GZZLUSTD,
DLR,Southbound,STRATFORD HIGH STREET,ABBEY ROAD,0.54,,,,,
DLR,Southbound,ABBEY ROAD,WEST HAM,0.5,,,,,940GZZLUWHM
DLR,Southbound,WEST HAM,STAR LANE,0.69,,,,940GZZLUWHM,
DLR,Southbound,STAR LANE,CANNING TOWN,0.69,,,,,940GZZLUCGT
DLR,Southbound,STRATFORD,PUDDING MILL LANE,0.89,,,,940GZZLUSTD,
DLR,Southbound,PUDDING MILL LANE,BOW CHURCH,0.94,,,,,
DLR,Southbound,BOW CHURCH,DEVONS ROAD,0.54,,,,,
DLR,Southbound,DEVONS ROAD,LANGDON PARK,0.72,,,,,
DLR,Southbound,LANGDON PARK,ALL SAINTS,0.47,,,,,
DLR,Southbound,ALL SAINTS,POPLAR,0.59,,,,,
DLR,Southbound,POPLAR,WEST INDIA QUAY,0.22,,,,,
DLR,Southbound,WEST INDIA QUAY,CANARY WHARF,0.09,,,,,940GZZLUCYF
DLR,Southbound,CANARY WHARF,HERON QUAYS,0.15,,,,940GZZLUCYF,
DLR,Southbound,HERON QUAYS,SOUTH QUAY,0.5,,,,,
DLR,Southbound,SOUTH QUAY,CROSSHARBOUR,0.51,,,,,
DLR,Southbound,CROSSHARBOUR,MUDCHUTE,0.4,,,,,
DLR,Southbound,MUDCHUTE,ISLAND GARDENS,0.37,,,,,
DLR,Southbound,ISLAND GARDENS,CUTTY SARK,0.68,,,,,
DLR,Southbound,CUTTY SARK,GREENWICH,0.61,,,,,
DLR,Southbound,GREENWICH,DEPTFORD BRIDGE,0.66,,,,,
DLR,Southbound,DEPTFORD BRIDGE,ELVERSON ROAD,0.72,,,,,
DLR,Southbound,ELVERSON ROAD,LEWISHAM,0.32,,,,,
